snp	super_pop	gt	count
rs2814778	AFR	0|0	4
rs2814778	AFR	0|1	21
rs2814778	AFR	1|0	19
rs2814778	AFR	1|1	617
rs2814778	AMR	0|0	299
rs2814778	AMR	0|1	26
rs2814778	AMR	1|0	16
rs2814778	AMR	1|1	6
rs2814778	EAS	0|0	504
rs2814778	EUR	0|0	497
rs2814778	EUR	0|1	2
rs2814778	EUR	1|0	4
rs2814778	SAS	0|0	489
rs3827760	AFR	0|0	658
rs3827760	AFR	1|0	2
rs3827760	AFR	1|1	1
rs3827760	AMR	0|0	150
rs3827760	AMR	0|1	54
rs3827760	AMR	1|0	68
rs3827760	AMR	1|1	75
rs3827760	EAS	0|0	12
rs3827760	EAS	0|1	41
rs3827760	EAS	1|0	63
rs3827760	EAS	1|1	388
rs3827760	EUR	0|0	492
rs3827760	EUR	0|1	6
rs3827760	EUR	1|0	5
rs3827760	SAS	0|0	476
rs3827760	SAS	0|1	6
rs3827760	SAS	1|0	7
rs1426654	AFR	0|0	5
rs1426654	AFR	0|1	46
rs1426654	AFR	1|0	42
rs1426654	AFR	1|1	568
rs1426654	AMR	0|0	139
rs1426654	AMR	0|1	61
rs1426654	AMR	1|0	70
rs1426654	AMR	1|1	77
rs1426654	EAS	0|1	5
rs1426654	EAS	1|0	7
rs1426654	EAS	1|1	492
rs1426654	EUR	0|0	500
rs1426654	EUR	0|1	1
rs1426654	EUR	1|0	2
rs1426654	SAS	0|0	248
rs1426654	SAS	0|1	80
rs1426654	SAS	1|0	94
rs1426654	SAS	1|1	67
rs16891982	AFR	0|0	617
rs16891982	AFR	0|1	23
rs16891982	AFR	1|0	18
rs16891982	AFR	1|1	3
rs16891982	AMR	0|0	123
rs16891982	AMR	0|1	71
rs16891982	AMR	1|0	55
rs16891982	AMR	1|1	98
rs16891982	EAS	0|0	498
rs16891982	EAS	0|1	1
rs16891982	EAS	1|0	5
rs16891982	EUR	0|0	4
rs16891982	EUR	0|1	27
rs16891982	EUR	1|0	27
rs16891982	EUR	1|1	445
rs16891982	SAS	0|0	434
rs16891982	SAS	0|1	22
rs16891982	SAS	1|0	30
rs16891982	SAS	1|1	3
rs12913832	AFR	0|0	626
rs12913832	AFR	0|1	10
rs12913832	AFR	1|0	23
rs12913832	AFR	1|1	2
rs12913832	AMR	0|0	227
rs12913832	AMR	0|1	43
rs12913832	AMR	1|0	57
rs12913832	AMR	1|1	20
rs12913832	EAS	0|0	502
rs12913832	EAS	0|1	2
rs12913832	EUR	0|0	90
rs12913832	EUR	0|1	104
rs12913832	EUR	1|0	82
rs12913832	EUR	1|1	227
rs12913832	SAS	0|0	422
rs12913832	SAS	0|1	28
rs12913832	SAS	1|0	37
rs12913832	SAS	1|1	2
