HG00096	0|0
HG00097	0|0
HG00099	0|0
HG00100	0|0
HG00101	0|0
HG00102	0|0
HG00103	0|0
HG00105	0|0
HG00106	0|0
HG00107	0|0
HG00108	0|0
HG00109	0|0
HG00110	0|0
HG00111	0|0
HG00112	0|0
HG00113	0|0
HG00114	0|0
HG00115	0|0
HG00116	0|0
HG00117	0|0
HG00118	0|0
HG00119	0|0
HG00120	0|0
HG00121	0|0
HG00122	0|0
HG00123	0|0
HG00125	0|0
HG00126	0|0
HG00127	0|0
HG00128	0|0
HG00129	0|0
HG00130	0|0
HG00131	0|0
HG00132	0|0
HG00133	0|0
HG00136	0|0
HG00137	0|0
HG00138	0|0
HG00139	0|0
HG00140	0|0
HG00141	0|0
HG00142	0|0
HG00143	0|0
HG00145	0|0
HG00146	0|0
HG00148	0|0
HG00149	0|0
HG00150	0|0
HG00151	0|0
HG00154	0|0
HG00155	0|0
HG00157	0|0
HG00158	0|0
HG00159	0|0
HG00160	0|0
HG00171	0|0
HG00173	0|0
HG00174	0|0
HG00176	0|0
HG00177	0|0
HG00178	0|0
HG00179	0|0
HG00180	0|0
HG00181	0|0
HG00182	0|0
HG00183	0|0
HG00185	0|0
HG00186	0|0
HG00187	0|0
HG00188	0|0
HG00189	0|0
HG00190	0|0
HG00231	0|0
HG00232	0|0
HG00233	0|0
HG00234	0|0
HG00235	0|0
HG00236	0|0
HG00237	0|0
HG00238	0|0
HG00239	0|0
HG00240	0|0
HG00242	0|0
HG00243	0|0
HG00244	0|0
HG00245	0|0
HG00246	0|0
HG00250	0|0
HG00251	0|0
HG00252	0|0
HG00253	0|0
HG00254	0|0
HG00255	0|0
HG00256	0|0
HG00257	0|0
HG00258	0|0
HG00259	0|0
HG00260	0|0
HG00261	0|0
HG00262	0|0
HG00263	0|0
HG00264	0|0
HG00265	0|0
HG00266	0|0
HG00267	0|0
HG00268	0|0
HG00269	0|0
HG00271	1|0
HG00272	0|0
HG00273	0|0
HG00274	0|0
HG00275	0|0
HG00276	0|0
HG00277	0|0
HG00278	0|0
HG00280	0|0
HG00281	0|0
HG00282	0|0
HG00284	0|0
HG00285	0|0
HG00288	0|0
HG00290	0|0
HG00304	0|0
HG00306	0|0
HG00308	0|0
HG00309	0|0
HG00310	0|0
HG00311	1|0
HG00313	0|0
HG00315	0|0
HG00318	0|0
HG00319	0|0
HG00320	0|0
HG00321	0|0
HG00323	0|0
HG00324	0|0
HG00325	0|0
HG00326	0|0
HG00327	0|0
HG00328	0|0
HG00329	0|0
HG00330	0|0
HG00331	0|0
HG00332	0|0
HG00334	0|0
HG00335	0|0
HG00336	0|0
HG00337	0|0
HG00338	0|0
HG00339	0|0
HG00341	0|0
HG00342	0|0
HG00343	0|0
HG00344	0|0
HG00345	0|0
HG00346	0|0
HG00349	0|0
HG00350	0|0
HG00351	0|0
HG00353	0|0
HG00355	0|0
HG00356	0|0
HG00357	0|0
HG00358	0|0
HG00360	0|0
HG00361	0|0
HG00362	0|0
HG00364	0|0
HG00365	0|0
HG00366	0|0
HG00367	0|0
HG00368	0|0
HG00369	0|0
HG00371	0|0
HG00372	0|0
HG00373	0|0
HG00375	0|0
HG00376	0|0
HG00378	0|0
HG00379	0|0
HG00380	0|0
HG00381	0|0
HG00382	0|0
HG00383	0|0
HG00384	0|0
HG00403	1|1
HG00404	1|1
HG00406	1|1
HG00407	1|1
HG00409	1|1
HG00410	1|1
HG00419	1|1
HG00421	1|1
HG00422	1|1
HG00428	1|1
HG00436	1|1
HG00437	1|1
HG00442	1|1
HG00443	1|1
HG00445	1|1
HG00446	1|1
HG00448	1|1
HG00449	1|1
HG00451	1|1
HG00452	1|1
HG00457	1|0
HG00458	1|1
HG00463	1|1
HG00464	1|1
HG00472	1|1
HG00473	1|1
HG00475	1|1
HG00476	1|1
HG00478	1|1
HG00479	1|1
HG00500	1|1
HG00513	1|1
HG00524	1|1
HG00525	1|1
HG00530	1|1
HG00531	1|1
HG00533	1|1
HG00534	1|1
HG00536	1|1
HG00537	1|1
HG00542	1|1
HG00543	1|1
HG00551	0|0
HG00553	0|0
HG00554	0|0
HG00556	1|1
HG00557	1|1
HG00559	1|1
HG00560	1|1
HG00565	1|1
HG00566	1|1
HG00580	1|1
HG00581	1|1
HG00583	1|1
HG00584	1|1
HG00589	1|1
HG00590	1|1
HG00592	1|1
HG00593	1|1
HG00595	1|1
HG00596	1|1
HG00598	1|1
HG00599	1|1
HG00607	1|1
HG00608	0|1
HG00610	1|1
HG00611	1|0
HG00613	1|1
HG00614	1|1
HG00619	1|1
HG00620	1|1
HG00622	1|1
HG00623	1|1
HG00625	1|1
HG00626	1|1
HG00628	1|1
HG00629	1|1
HG00631	1|1
HG00632	1|1
HG00634	1|1
HG00637	0|1
HG00638	0|1
HG00640	0|0
HG00641	0|0
HG00650	1|1
HG00651	1|1
HG00653	1|1
HG00654	1|1
HG00656	1|1
HG00657	1|1
HG00662	1|1
HG00663	1|1
HG00671	1|1
HG00672	1|1
HG00674	1|0
HG00675	1|1
HG00683	1|1
HG00684	1|1
HG00689	1|1
HG00690	1|1
HG00692	1|1
HG00693	1|1
HG00698	1|1
HG00699	1|1
HG00701	1|1
HG00704	1|1
HG00705	1|1
HG00707	1|1
HG00708	1|1
HG00717	1|1
HG00728	1|1
HG00729	1|1
HG00731	0|0
HG00732	0|0
HG00734	1|0
HG00736	0|0
HG00737	0|0
HG00739	0|0
HG00740	0|0
HG00742	0|0
HG00743	0|0
HG00759	1|1
HG00766	1|1
HG00844	1|1
HG00851	1|1
HG00864	1|1
HG00867	1|1
HG00879	1|1
HG00881	1|1
HG00956	1|1
HG00978	1|1
HG00982	1|1
HG01028	1|1
HG01029	1|1
HG01031	1|1
HG01046	1|1
HG01047	0|0
HG01048	0|0
HG01049	0|1
HG01051	1|0
HG01052	1|1
HG01054	0|0
HG01055	0|0
HG01058	0|0
HG01060	0|0
HG01061	1|0
HG01063	1|0
HG01064	0|0
HG01066	0|0
HG01067	0|1
HG01069	0|1
HG01070	0|0
HG01072	0|0
HG01073	0|0
HG01075	0|0
HG01077	0|1
HG01079	0|0
HG01080	0|0
HG01082	1|0
HG01083	0|0
HG01085	0|0
HG01086	0|0
HG01088	0|1
HG01089	1|0
HG01092	0|0
HG01094	1|0
HG01095	0|0
HG01097	0|0
HG01098	0|1
HG01101	0|0
HG01102	0|0
HG01104	0|0
HG01105	0|0
HG01107	1|0
HG01108	1|1
HG01110	0|0
HG01111	0|1
HG01112	0|0
HG01113	0|0
HG01119	0|0
HG01121	1|0
HG01122	0|0
HG01124	0|0
HG01125	0|0
HG01130	0|0
HG01131	1|0
HG01133	0|0
HG01134	0|0
HG01136	0|0
HG01137	0|1
HG01139	1|0
HG01140	0|0
HG01142	0|0
HG01148	0|1
HG01149	0|1
HG01161	0|1
HG01162	0|0
HG01164	0|0
HG01167	1|1
HG01168	0|0
HG01170	1|0
HG01171	0|0
HG01173	0|0
HG01174	0|0
HG01176	0|1
HG01177	0|1
HG01182	1|0
HG01183	0|0
HG01187	1|1
HG01188	0|0
HG01190	0|0
HG01191	0|1
HG01197	0|0
HG01198	0|0
HG01200	0|1
HG01204	1|0
HG01205	0|0
HG01241	1|1
HG01242	1|0
HG01247	0|0
HG01248	0|0
HG01250	0|1
HG01251	1|0
HG01253	0|0
HG01254	1|0
HG01256	0|0
HG01257	0|1
HG01259	0|1
HG01260	0|0
HG01269	0|0
HG01271	0|0
HG01272	1|0
HG01275	0|0
HG01277	0|0
HG01280	0|0
HG01281	0|0
HG01284	0|0
HG01286	1|0
HG01302	1|0
HG01303	1|0
HG01305	0|0
HG01308	0|1
HG01311	1|1
HG01312	0|0
HG01323	0|0
HG01325	0|0
HG01326	0|0
HG01334	0|0
HG01341	1|1
HG01342	0|1
HG01344	1|0
HG01345	1|0
HG01348	0|1
HG01350	0|0
HG01351	0|0
HG01353	0|0
HG01354	0|0
HG01356	0|1
HG01357	0|1
HG01359	0|0
HG01360	0|0
HG01362	0|0
HG01363	1|1
HG01365	1|0
HG01366	1|0
HG01369	0|1
HG01372	1|0
HG01374	0|0
HG01375	0|1
HG01377	1|1
HG01378	1|0
HG01383	0|0
HG01384	0|0
HG01389	1|0
HG01390	1|0
HG01392	0|0
HG01393	1|1
HG01395	0|1
HG01396	0|0
HG01398	0|0
HG01402	0|1
HG01403	0|0
HG01405	0|0
HG01412	0|0
HG01413	1|1
HG01414	0|0
HG01431	0|0
HG01432	0|0
HG01435	0|0
HG01437	0|0
HG01438	0|1
HG01440	0|1
HG01441	0|0
HG01443	1|1
HG01444	0|1
HG01447	0|0
HG01455	0|1
HG01456	1|0
HG01459	1|1
HG01461	1|1
HG01462	1|1
HG01464	0|1
HG01465	0|0
HG01468	0|0
HG01474	0|0
HG01479	0|0
HG01485	0|0
HG01486	0|0
HG01488	0|0
HG01489	0|0
HG01491	0|0
HG01492	0|0
HG01494	1|0
HG01495	1|0
HG01497	0|0
HG01498	1|0
HG01500	0|0
HG01501	0|0
HG01503	0|0
HG01504	0|0
HG01506	0|0
HG01507	0|0
HG01509	0|0
HG01510	0|0
HG01512	0|0
HG01513	0|0
HG01515	0|0
HG01516	0|0
HG01518	0|0
HG01519	0|0
HG01521	0|0
HG01522	0|0
HG01524	0|0
HG01525	0|0
HG01527	0|0
HG01528	0|0
HG01530	0|0
HG01531	0|0
HG01536	0|0
HG01537	0|0
HG01550	0|0
HG01551	1|1
HG01556	1|1
HG01565	0|0
HG01566	0|0
HG01571	1|1
HG01572	1|0
HG01577	0|0
HG01578	1|0
HG01583	0|0
HG01586	0|0
HG01589	0|0
HG01593	0|0
HG01595	1|1
HG01596	1|1
HG01597	1|1
HG01598	1|1
HG01599	1|1
HG01600	1|1
HG01602	0|0
HG01603	0|0
HG01605	0|0
HG01606	0|0
HG01607	0|0
HG01608	0|0
HG01610	0|0
HG01612	0|0
HG01613	0|0
HG01615	0|0
HG01617	0|0
HG01618	0|0
HG01619	0|0
HG01620	0|0
HG01623	0|0
HG01624	0|0
HG01625	0|0
HG01626	0|0
HG01628	0|0
HG01630	0|0
HG01631	0|0
HG01632	0|0
HG01668	0|0
HG01669	0|0
HG01670	0|0
HG01672	0|0
HG01673	0|0
HG01675	0|0
HG01676	0|0
HG01678	0|0
HG01679	0|0
HG01680	0|0
HG01682	0|0
HG01684	0|0
HG01685	0|0
HG01686	0|0
HG01694	0|0
HG01695	0|0
HG01697	0|0
HG01699	0|0
HG01700	0|0
HG01702	0|0
HG01704	0|0
HG01705	0|0
HG01707	0|0
HG01708	0|0
HG01709	0|0
HG01710	0|0
HG01746	0|0
HG01747	0|0
HG01756	0|0
HG01757	0|0
HG01761	0|0
HG01762	0|0
HG01765	0|0
HG01766	0|0
HG01767	0|0
HG01768	0|0
HG01770	0|0
HG01771	0|0
HG01773	0|0
HG01775	0|0
HG01776	0|0
HG01777	0|0
HG01779	0|0
HG01781	0|0
HG01783	0|0
HG01784	0|0
HG01785	0|0
HG01786	0|0
HG01789	0|0
HG01790	0|0
HG01791	0|0
HG01794	1|1
HG01795	1|1
HG01796	1|1
HG01797	1|1
HG01798	1|1
HG01799	1|1
HG01800	1|1
HG01801	1|1
HG01802	1|1
HG01804	1|1
HG01805	1|1
HG01806	1|1
HG01807	1|1
HG01808	1|1
HG01809	1|1
HG01810	1|1
HG01811	1|1
HG01812	1|1
HG01813	1|1
HG01815	1|1
HG01816	1|1
HG01817	1|1
HG01840	1|1
HG01841	1|1
HG01842	1|1
HG01843	1|1
HG01844	1|1
HG01845	1|1
HG01846	1|1
HG01847	1|1
HG01848	1|1
HG01849	1|1
HG01850	1|1
HG01851	1|1
HG01852	1|1
HG01853	1|1
HG01855	1|1
HG01857	1|1
HG01858	1|1
HG01859	1|1
HG01860	1|1
HG01861	1|1
HG01862	1|1
HG01863	1|1
HG01864	1|1
HG01865	1|1
HG01866	1|1
HG01867	1|1
HG01868	1|1
HG01869	1|1
HG01870	1|1
HG01871	1|1
HG01872	1|1
HG01873	1|1
HG01874	1|1
HG01878	1|1
HG01879	1|1
HG01880	1|1
HG01882	1|1
HG01883	1|1
HG01885	1|1
HG01886	1|1
HG01889	1|1
HG01890	1|1
HG01892	1|1
HG01893	1|1
HG01894	1|1
HG01896	1|1
HG01912	1|0
HG01914	1|0
HG01915	1|1
HG01917	1|0
HG01918	0|1
HG01920	1|1
HG01921	1|1
HG01923	1|1
HG01924	1|0
HG01926	1|1
HG01927	1|0
HG01932	1|1
HG01933	1|1
HG01935	1|0
HG01936	1|0
HG01938	1|1
HG01939	1|0
HG01941	1|1
HG01942	1|1
HG01944	1|1
HG01945	1|1
HG01947	1|1
HG01948	1|0
HG01950	1|1
HG01951	1|1
HG01953	1|1
HG01954	1|0
HG01956	1|1
HG01958	1|1
HG01961	1|1
HG01965	0|0
HG01967	1|0
HG01968	1|1
HG01970	1|0
HG01971	1|0
HG01973	1|0
HG01974	1|1
HG01976	0|0
HG01977	1|1
HG01979	0|0
HG01980	1|1
HG01982	1|1
HG01985	1|1
HG01986	1|0
HG01988	1|1
HG01989	1|0
HG01990	1|1
HG01991	1|1
HG01992	1|1
HG01997	1|1
HG02002	1|1
HG02003	1|1
HG02006	0|1
HG02008	1|1
HG02009	1|1
HG02010	1|1
HG02012	1|1
HG02013	1|1
HG02014	1|1
HG02016	1|1
HG02017	1|1
HG02019	1|1
HG02020	1|1
HG02023	0|1
HG02025	1|1
HG02026	1|1
HG02028	1|1
HG02029	1|1
HG02031	1|1
HG02032	1|1
HG02035	1|1
HG02040	1|1
HG02047	1|1
HG02048	1|1
HG02049	1|1
HG02050	1|1
HG02051	1|1
HG02052	1|1
HG02053	1|0
HG02054	1|1
HG02057	1|1
HG02058	1|1
HG02060	1|1
HG02061	1|1
HG02064	1|1
HG02067	1|1
HG02069	1|1
HG02070	1|1
HG02072	1|1
HG02073	1|1
HG02075	1|1
HG02076	1|1
HG02078	1|1
HG02079	1|1
HG02081	1|1
HG02082	1|1
HG02084	1|1
HG02085	1|1
HG02086	1|1
HG02087	1|1
HG02088	1|1
HG02089	1|0
HG02090	0|1
HG02095	1|0
HG02102	1|1
HG02104	1|1
HG02105	1|0
HG02107	1|1
HG02108	1|1
HG02111	1|1
HG02113	1|1
HG02116	1|1
HG02121	1|1
HG02122	1|1
HG02127	1|1
HG02128	1|1
HG02130	1|1
HG02131	1|1
HG02133	1|1
HG02134	1|1
HG02136	1|1
HG02137	1|1
HG02138	1|1
HG02139	1|1
HG02140	1|1
HG02141	1|1
HG02142	1|1
HG02143	1|1
HG02144	1|1
HG02146	1|1
HG02147	1|1
HG02150	1|1
HG02151	1|1
HG02152	1|1
HG02153	1|1
HG02154	1|1
HG02155	1|1
HG02156	1|1
HG02164	1|1
HG02165	1|1
HG02166	1|1
HG02178	1|1
HG02179	1|1
HG02180	1|1
HG02181	1|1
HG02182	1|1
HG02184	1|1
HG02185	1|1
HG02186	1|1
HG02187	1|1
HG02188	1|1
HG02190	1|1
HG02215	0|0
HG02219	0|0
HG02220	0|0
HG02221	0|0
HG02223	0|0
HG02224	0|0
HG02230	0|0
HG02231	0|0
HG02232	0|0
HG02233	0|0
HG02235	0|0
HG02236	0|0
HG02238	0|0
HG02239	0|0
HG02250	1|1
HG02252	0|1
HG02253	1|0
HG02255	1|1
HG02256	1|1
HG02259	1|1
HG02260	1|0
HG02262	0|1
HG02265	1|1
HG02266	1|0
HG02271	1|1
HG02272	1|1
HG02274	0|1
HG02275	1|1
HG02277	0|1
HG02278	1|1
HG02281	1|1
HG02282	0|1
HG02283	0|0
HG02284	1|0
HG02285	0|1
HG02286	0|1
HG02291	1|0
HG02292	0|1
HG02298	0|1
HG02299	1|0
HG02301	1|0
HG02304	1|1
HG02307	1|1
HG02308	1|1
HG02309	1|1
HG02312	0|1
HG02314	1|1
HG02315	1|1
HG02317	1|1
HG02318	1|1
HG02322	1|1
HG02323	1|1
HG02325	1|1
HG02330	1|1
HG02332	1|1
HG02334	1|1
HG02337	0|0
HG02339	1|1
HG02343	1|1
HG02345	1|0
HG02348	0|1
HG02351	1|1
HG02353	1|1
HG02355	1|1
HG02356	1|1
HG02360	1|1
HG02364	1|1
HG02367	1|1
HG02371	1|1
HG02373	1|1
HG02374	1|1
HG02375	1|1
HG02379	1|1
HG02380	1|1
HG02382	1|1
HG02383	1|1
HG02384	1|1
HG02385	1|1
HG02386	1|1
HG02389	1|1
HG02390	1|1
HG02391	1|1
HG02392	1|1
HG02394	1|1
HG02395	1|1
HG02396	1|1
HG02397	1|1
HG02398	1|1
HG02399	1|1
HG02401	1|1
HG02402	1|1
HG02406	1|1
HG02407	1|1
HG02408	1|1
HG02409	1|1
HG02410	1|1
HG02419	1|1
HG02420	1|0
HG02425	1|1
HG02427	1|1
HG02429	1|0
HG02433	1|1
HG02439	1|1
HG02442	1|1
HG02445	1|0
HG02449	1|1
HG02450	1|1
HG02455	1|1
HG02461	1|1
HG02462	1|0
HG02464	1|1
HG02465	1|1
HG02470	1|1
HG02471	1|1
HG02476	1|1
HG02477	1|1
HG02479	0|1
HG02481	1|1
HG02484	1|1
HG02485	0|1
HG02489	1|1
HG02490	0|0
HG02491	0|0
HG02493	1|0
HG02494	0|0
HG02496	1|1
HG02497	1|0
HG02501	1|1
HG02502	1|1
HG02505	0|1
HG02508	1|1
HG02511	1|1
HG02512	1|1
HG02513	1|1
HG02521	1|1
HG02522	1|1
HG02536	1|1
HG02537	1|1
HG02541	1|1
HG02545	1|1
HG02546	1|1
HG02549	1|0
HG02554	1|1
HG02555	1|1
HG02557	1|1
HG02558	1|1
HG02561	1|1
HG02562	0|1
HG02568	1|1
HG02570	1|1
HG02571	1|1
HG02573	1|1
HG02574	1|1
HG02577	1|1
HG02580	1|1
HG02582	1|1
HG02583	1|1
HG02585	1|1
HG02586	1|1
HG02588	1|1
HG02589	1|1
HG02594	1|1
HG02595	1|1
HG02597	0|0
HG02600	0|0
HG02601	1|0
HG02603	0|0
HG02604	1|0
HG02610	1|1
HG02611	1|1
HG02613	0|1
HG02614	1|1
HG02620	1|1
HG02621	1|1
HG02623	1|1
HG02624	1|1
HG02628	1|1
HG02629	1|1
HG02634	1|1
HG02635	1|1
HG02642	1|1
HG02643	1|1
HG02645	1|1
HG02646	0|1
HG02648	1|1
HG02649	1|0
HG02651	0|0
HG02652	0|0
HG02654	0|0
HG02655	1|0
HG02657	0|0
HG02658	0|1
HG02660	0|0
HG02661	0|0
HG02666	1|1
HG02667	1|1
HG02675	1|1
HG02676	0|1
HG02678	1|1
HG02679	0|1
HG02681	0|0
HG02682	0|0
HG02684	1|0
HG02685	0|0
HG02687	0|0
HG02688	0|0
HG02690	0|0
HG02691	0|0
HG02694	0|0
HG02696	0|1
HG02697	0|0
HG02699	1|0
HG02700	1|0
HG02702	1|1
HG02703	1|1
HG02715	1|1
HG02716	1|1
HG02721	1|1
HG02722	1|1
HG02724	1|0
HG02725	0|1
HG02727	1|1
HG02728	1|1
HG02731	0|0
HG02733	0|0
HG02734	0|0
HG02736	1|0
HG02737	0|0
HG02756	0|1
HG02757	1|1
HG02759	0|1
HG02760	1|0
HG02763	1|1
HG02768	1|1
HG02769	1|1
HG02771	1|1
HG02772	1|1
HG02774	0|1
HG02775	0|0
HG02778	0|1
HG02780	1|0
HG02783	0|1
HG02784	0|0
HG02786	0|0
HG02787	0|0
HG02789	1|1
HG02790	0|0
HG02792	0|1
HG02793	1|0
HG02798	1|1
HG02799	1|0
HG02804	1|1
HG02805	1|1
HG02807	1|1
HG02808	1|1
HG02810	1|1
HG02811	1|1
HG02813	1|1
HG02814	1|1
HG02816	1|1
HG02817	1|1
HG02819	1|1
HG02820	1|1
HG02836	1|1
HG02837	0|0
HG02839	1|1
HG02840	1|1
HG02851	1|1
HG02852	1|1
HG02854	1|1
HG02855	1|1
HG02860	1|1
HG02861	1|1
HG02870	1|0
HG02878	1|1
HG02879	1|1
HG02881	1|1
HG02882	1|1
HG02884	0|1
HG02885	0|1
HG02887	1|1
HG02888	1|1
HG02890	1|1
HG02891	1|1
HG02895	1|1
HG02896	1|1
HG02922	1|1
HG02923	1|1
HG02938	1|1
HG02941	1|1
HG02943	1|1
HG02944	1|1
HG02946	1|1
HG02947	1|1
HG02952	1|1
HG02953	1|1
HG02968	1|1
HG02970	1|1
HG02971	1|1
HG02973	1|1
HG02974	1|1
HG02976	0|1
HG02977	1|1
HG02979	1|1
HG02981	1|0
HG02982	1|1
HG02983	1|1
HG03006	1|0
HG03007	0|1
HG03009	0|0
HG03012	1|0
HG03015	1|1
HG03016	0|0
HG03018	0|0
HG03019	1|0
HG03021	1|1
HG03022	1|0
HG03024	1|1
HG03025	1|1
HG03027	1|0
HG03028	1|1
HG03039	1|1
HG03040	1|1
HG03045	1|1
HG03046	1|1
HG03048	1|1
HG03049	1|1
HG03052	1|1
HG03054	1|1
HG03055	1|1
HG03057	1|0
HG03058	1|1
HG03060	1|0
HG03061	1|1
HG03063	1|1
HG03064	1|1
HG03066	1|1
HG03069	1|1
HG03072	1|1
HG03073	1|1
HG03074	1|1
HG03077	1|1
HG03078	0|1
HG03079	1|1
HG03081	1|1
HG03082	1|1
HG03084	1|1
HG03085	1|1
HG03086	0|1
HG03088	1|1
HG03091	1|1
HG03095	1|1
HG03096	1|1
HG03097	1|1
HG03099	1|1
HG03100	1|1
HG03103	1|1
HG03105	1|1
HG03108	1|1
HG03109	1|1
HG03111	1|1
HG03112	1|0
HG03114	1|1
HG03115	1|1
HG03117	1|1
HG03118	1|1
HG03120	1|1
HG03121	1|1
HG03123	1|1
HG03124	1|1
HG03126	1|1
HG03127	1|1
HG03129	1|1
HG03130	1|1
HG03132	1|1
HG03133	1|1
HG03135	1|1
HG03136	1|1
HG03139	1|1
HG03157	0|1
HG03159	1|1
HG03160	1|1
HG03162	1|1
HG03163	1|1
HG03166	1|1
HG03168	1|1
HG03169	1|1
HG03172	1|1
HG03175	1|1
HG03189	1|1
HG03190	1|1
HG03193	1|1
HG03195	1|1
HG03196	1|1
HG03198	1|1
HG03199	1|1
HG03202	1|1
HG03209	1|1
HG03212	1|1
HG03224	1|1
HG03225	1|0
HG03228	0|0
HG03229	0|0
HG03234	0|0
HG03235	0|0
HG03237	0|1
HG03238	0|0
HG03240	1|1
HG03241	1|1
HG03246	0|1
HG03247	1|1
HG03258	1|1
HG03259	1|1
HG03265	1|1
HG03267	1|1
HG03268	1|1
HG03270	1|1
HG03271	1|1
HG03279	1|1
HG03280	1|1
HG03291	1|1
HG03294	1|1
HG03295	1|1
HG03297	1|1
HG03298	1|1
HG03300	1|1
HG03301	1|1
HG03303	1|1
HG03304	1|1
HG03311	1|1
HG03313	1|1
HG03342	1|1
HG03343	1|1
HG03351	1|1
HG03352	1|1
HG03354	1|1
HG03363	1|1
HG03366	1|1
HG03367	1|1
HG03369	1|1
HG03370	1|1
HG03372	1|1
HG03376	1|1
HG03378	1|1
HG03380	1|1
HG03382	1|1
HG03385	1|1
HG03388	1|1
HG03391	1|1
HG03394	1|1
HG03397	1|1
HG03401	1|1
HG03410	1|1
HG03419	1|1
HG03428	0|0
HG03432	1|1
HG03433	1|1
HG03436	1|1
HG03437	1|1
HG03439	1|0
HG03442	1|1
HG03445	1|1
HG03446	0|1
HG03449	1|1
HG03451	1|1
HG03452	1|1
HG03455	1|1
HG03457	0|1
HG03458	1|1
HG03460	0|1
HG03461	1|1
HG03464	1|1
HG03469	1|1
HG03470	1|1
HG03472	1|1
HG03473	0|1
HG03476	1|1
HG03478	1|1
HG03479	1|1
HG03484	1|1
HG03485	1|1
HG03488	1|0
HG03490	0|0
HG03491	0|0
HG03499	1|1
HG03511	1|1
HG03514	1|0
HG03515	1|1
HG03517	1|1
HG03518	1|1
HG03520	1|1
HG03521	1|1
HG03538	1|1
HG03539	1|1
HG03547	1|1
HG03548	1|1
HG03556	1|1
HG03557	1|1
HG03558	1|1
HG03559	1|1
HG03563	0|1
HG03565	1|1
HG03567	1|1
HG03571	1|1
HG03572	1|0
HG03575	1|0
HG03577	1|1
HG03578	1|1
HG03583	1|1
HG03585	1|0
HG03589	1|0
HG03593	1|0
HG03594	0|0
HG03595	0|1
HG03598	0|1
HG03600	0|0
HG03603	1|1
HG03604	1|1
HG03607	0|1
HG03611	1|1
HG03615	1|0
HG03616	0|0
HG03619	0|0
HG03624	0|0
HG03625	0|0
HG03629	1|0
HG03631	0|1
HG03634	0|0
HG03636	0|0
HG03640	0|0
HG03642	0|0
HG03643	0|1
HG03644	1|0
HG03645	0|0
HG03646	1|1
HG03649	0|0
HG03652	1|1
HG03653	0|0
HG03660	0|0
HG03663	0|0
HG03667	0|1
HG03668	1|0
HG03672	0|0
HG03673	1|0
HG03679	1|1
HG03680	0|1
HG03681	1|0
HG03684	1|1
HG03685	1|1
HG03686	1|1
HG03687	1|1
HG03689	0|0
HG03690	1|0
HG03691	1|1
HG03692	1|0
HG03693	1|1
HG03694	1|0
HG03695	0|1
HG03696	0|0
HG03697	1|0
HG03698	1|0
HG03702	0|1
HG03703	0|0
HG03705	0|0
HG03706	0|0
HG03708	0|0
HG03709	0|0
HG03711	1|1
HG03713	0|0
HG03714	0|0
HG03716	1|0
HG03717	1|1
HG03718	1|0
HG03720	1|1
HG03722	0|1
HG03727	0|0
HG03729	1|0
HG03730	1|0
HG03731	0|0
HG03733	1|1
HG03736	1|0
HG03738	1|0
HG03740	0|0
HG03741	1|0
HG03742	0|1
HG03743	1|1
HG03744	1|0
HG03745	1|0
HG03746	1|0
HG03750	1|1
HG03752	0|0
HG03753	0|1
HG03754	1|0
HG03755	1|1
HG03756	0|1
HG03757	1|0
HG03760	0|0
HG03762	0|0
HG03765	0|0
HG03767	0|0
HG03770	1|1
HG03771	0|0
HG03772	1|0
HG03773	0|0
HG03774	0|1
HG03775	0|0
HG03777	0|0
HG03778	0|0
HG03779	1|1
HG03780	0|0
HG03781	0|0
HG03782	1|0
HG03784	0|1
HG03785	1|0
HG03786	1|0
HG03787	0|0
HG03788	0|0
HG03789	1|0
HG03790	0|0
HG03792	1|1
HG03793	0|1
HG03796	1|1
HG03800	0|1
HG03802	1|1
HG03803	1|0
HG03805	0|1
HG03808	1|1
HG03809	0|0
HG03812	1|0
HG03814	0|1
HG03815	1|0
HG03817	0|1
HG03821	1|0
HG03823	0|1
HG03824	0|0
HG03826	0|0
HG03829	1|0
HG03830	0|1
HG03832	1|1
HG03833	1|1
HG03836	0|1
HG03837	0|1
HG03838	0|1
HG03844	0|1
HG03846	0|0
HG03848	0|0
HG03849	0|0
HG03850	1|0
HG03851	0|0
HG03854	1|1
HG03856	1|1
HG03857	0|0
HG03858	0|0
HG03861	0|1
HG03862	0|0
HG03863	0|0
HG03864	0|0
HG03866	0|0
HG03867	1|1
HG03868	0|0
HG03869	0|0
HG03870	0|1
HG03871	0|1
HG03872	0|0
HG03873	0|1
HG03874	1|0
HG03875	1|0
HG03882	1|0
HG03884	0|1
HG03885	1|1
HG03886	0|1
HG03887	1|1
HG03888	1|0
HG03890	0|1
HG03894	1|0
HG03895	0|0
HG03896	0|1
HG03897	0|0
HG03898	0|1
HG03899	0|1
HG03900	1|0
HG03902	1|1
HG03905	0|0
HG03907	1|1
HG03908	0|0
HG03910	0|0
HG03911	1|0
HG03913	0|0
HG03914	0|0
HG03916	0|0
HG03917	1|0
HG03919	0|1
HG03920	1|1
HG03922	0|0
HG03925	0|0
HG03926	1|0
HG03928	1|0
HG03931	0|0
HG03934	0|0
HG03937	1|1
HG03940	0|1
HG03941	0|1
HG03943	1|1
HG03944	1|1
HG03945	1|0
HG03947	1|1
HG03949	1|1
HG03950	0|0
HG03951	1|1
HG03953	0|0
HG03955	0|1
HG03960	1|0
HG03963	0|1
HG03965	0|1
HG03967	0|0
HG03968	1|0
HG03969	1|0
HG03971	0|0
HG03973	0|0
HG03974	0|0
HG03976	1|0
HG03977	1|0
HG03978	0|0
HG03985	1|0
HG03986	0|1
HG03989	0|1
HG03990	0|1
HG03991	0|1
HG03995	1|1
HG03998	0|0
HG03999	1|0
HG04001	1|1
HG04002	0|1
HG04003	0|0
HG04006	1|0
HG04014	0|0
HG04015	0|0
HG04017	0|1
HG04018	1|0
HG04019	0|0
HG04020	0|1
HG04022	0|1
HG04023	1|0
HG04025	0|0
HG04026	0|1
HG04029	1|1
HG04033	1|0
HG04035	0|0
HG04038	0|1
HG04039	0|0
HG04042	0|1
HG04047	1|1
HG04054	1|1
HG04056	1|1
HG04059	0|0
HG04060	1|0
HG04061	0|0
HG04062	1|0
HG04063	0|0
HG04070	0|0
HG04075	1|1
HG04076	0|1
HG04080	0|1
HG04090	0|0
HG04093	1|1
HG04094	0|0
HG04096	1|0
HG04098	0|0
HG04099	0|0
HG04100	0|1
HG04106	1|1
HG04107	0|0
HG04118	0|1
HG04131	0|0
HG04134	1|0
HG04140	0|0
HG04141	0|1
HG04144	0|1
HG04146	0|0
HG04152	0|1
HG04153	1|0
HG04155	1|1
HG04156	1|1
HG04158	1|0
HG04159	1|1
HG04161	1|0
HG04162	1|0
HG04164	1|0
HG04171	1|1
HG04173	0|1
HG04176	1|1
HG04177	0|0
HG04180	1|0
HG04182	1|1
HG04183	0|0
HG04185	0|0
HG04186	0|0
HG04188	0|0
HG04189	1|1
HG04194	0|1
HG04195	0|1
HG04198	0|0
HG04200	1|0
HG04202	0|0
HG04206	0|0
HG04209	0|1
HG04210	1|1
HG04211	1|1
HG04212	0|0
HG04214	1|1
HG04216	0|0
HG04219	1|0
HG04222	1|1
HG04225	0|0
HG04227	0|0
HG04229	1|0
HG04235	1|0
HG04238	0|0
HG04239	0|1
NA06984	0|0
NA06985	0|0
NA06986	0|0
NA06989	0|0
NA06994	0|0
NA07000	0|0
NA07037	0|0
NA07048	0|0
NA07051	0|0
NA07056	0|0
NA07347	0|0
NA07357	0|0
NA10847	0|0
NA10851	0|0
NA11829	0|0
NA11830	0|0
NA11831	0|0
NA11832	0|0
NA11840	0|0
NA11843	0|0
NA11881	0|0
NA11892	0|0
NA11893	0|0
NA11894	0|0
NA11918	0|0
NA11919	0|0
NA11920	0|0
NA11930	0|0
NA11931	0|0
NA11932	0|0
NA11933	0|0
NA11992	0|0
NA11994	0|0
NA11995	0|0
NA12003	0|0
NA12004	0|0
NA12005	0|0
NA12006	0|0
NA12043	0|0
NA12044	0|0
NA12045	0|0
NA12046	0|0
NA12058	0|0
NA12144	0|0
NA12154	0|0
NA12155	0|0
NA12156	0|0
NA12234	0|0
NA12249	0|0
NA12272	0|0
NA12273	0|0
NA12275	0|0
NA12282	0|0
NA12283	0|0
NA12286	0|0
NA12287	0|0
NA12340	0|0
NA12341	0|0
NA12342	0|0
NA12347	0|0
NA12348	0|0
NA12383	0|0
NA12399	0|0
NA12400	0|0
NA12413	0|0
NA12414	0|0
NA12489	0|0
NA12546	0|0
NA12716	0|0
NA12717	0|0
NA12718	0|0
NA12748	0|0
NA12749	0|0
NA12750	0|0
NA12751	0|0
NA12760	0|0
NA12761	0|0
NA12762	0|0
NA12763	0|0
NA12775	0|0
NA12776	0|0
NA12777	0|0
NA12778	0|0
NA12812	0|0
NA12813	0|0
NA12814	0|0
NA12815	0|0
NA12827	0|0
NA12828	0|0
NA12829	0|0
NA12830	0|0
NA12842	0|0
NA12843	0|0
NA12872	0|0
NA12873	0|0
NA12874	0|0
NA12878	0|0
NA12889	0|0
NA12890	0|0
NA18486	1|1
NA18488	1|1
NA18489	1|1
NA18498	1|1
NA18499	1|1
NA18501	1|1
NA18502	1|0
NA18504	1|1
NA18505	1|1
NA18507	1|1
NA18508	1|1
NA18510	1|1
NA18511	1|1
NA18516	1|1
NA18517	0|1
NA18519	1|1
NA18520	1|1
NA18522	1|1
NA18523	1|1
NA18525	1|1
NA18526	1|1
NA18528	1|1
NA18530	1|1
NA18531	1|1
NA18532	1|1
NA18533	1|1
NA18534	1|1
NA18535	1|1
NA18536	1|1
NA18537	1|1
NA18538	1|1
NA18539	1|1
NA18541	1|1
NA18542	1|1
NA18543	1|1
NA18544	1|1
NA18545	1|1
NA18546	1|1
NA18547	1|1
NA18548	0|1
NA18549	1|1
NA18550	1|1
NA18552	1|1
NA18553	1|1
NA18555	1|1
NA18557	1|0
NA18558	1|1
NA18559	1|1
NA18560	1|1
NA18561	1|1
NA18562	1|1
NA18563	1|1
NA18564	1|1
NA18565	1|1
NA18566	1|1
NA18567	1|1
NA18570	1|1
NA18571	1|1
NA18572	1|1
NA18573	1|1
NA18574	1|1
NA18577	1|1
NA18579	1|1
NA18582	1|1
NA18591	1|1
NA18592	1|1
NA18593	1|1
NA18595	1|1
NA18596	1|1
NA18597	1|1
NA18599	1|1
NA18602	1|1
NA18603	1|1
NA18605	1|1
NA18606	1|1
NA18608	1|1
NA18609	0|1
NA18610	1|1
NA18611	1|1
NA18612	1|1
NA18613	1|0
NA18614	1|1
NA18615	1|1
NA18616	1|1
NA18617	1|1
NA18618	1|1
NA18619	1|1
NA18620	1|1
NA18621	1|1
NA18622	1|1
NA18623	1|1
NA18624	1|1
NA18625	1|1
NA18626	1|1
NA18627	1|1
NA18628	1|1
NA18629	1|1
NA18630	1|1
NA18631	1|0
NA18632	1|1
NA18633	1|1
NA18634	1|1
NA18635	1|1
NA18636	1|1
NA18637	1|1
NA18638	1|1
NA18639	1|1
NA18640	1|1
NA18641	1|1
NA18642	1|1
NA18643	1|1
NA18644	1|1
NA18645	1|1
NA18646	0|1
NA18647	1|1
NA18648	1|1
NA18740	1|1
NA18745	1|1
NA18747	1|1
NA18748	1|1
NA18749	1|1
NA18757	1|1
NA18853	1|1
NA18856	1|1
NA18858	1|1
NA18861	1|1
NA18864	1|1
NA18865	1|1
NA18867	1|1
NA18868	1|1
NA18870	1|1
NA18871	1|1
NA18873	1|1
NA18874	1|1
NA18876	1|1
NA18877	1|1
NA18878	1|1
NA18879	1|1
NA18881	1|1
NA18907	1|1
NA18908	1|1
NA18909	1|1
NA18910	1|1
NA18912	1|1
NA18915	1|1
NA18916	1|1
NA18917	1|1
NA18923	1|1
NA18924	1|1
NA18933	1|1
NA18934	1|1
NA18939	1|1
NA18940	1|1
NA18941	1|1
NA18942	1|1
NA18943	1|1
NA18944	1|1
NA18945	1|1
NA18946	1|1
NA18947	1|1
NA18948	1|1
NA18949	1|1
NA18950	1|1
NA18951	1|1
NA18952	1|1
NA18953	1|1
NA18954	1|1
NA18956	1|1
NA18957	1|1
NA18959	1|1
NA18960	1|1
NA18961	1|1
NA18962	1|1
NA18963	1|1
NA18964	1|1
NA18965	1|1
NA18966	1|1
NA18967	1|1
NA18968	1|1
NA18969	1|0
NA18970	1|1
NA18971	1|1
NA18972	1|1
NA18973	1|1
NA18974	1|1
NA18975	1|1
NA18976	1|1
NA18977	1|1
NA18978	1|1
NA18979	1|1
NA18980	1|1
NA18981	1|1
NA18982	1|1
NA18983	1|1
NA18984	1|1
NA18985	1|1
NA18986	1|1
NA18987	1|1
NA18988	1|1
NA18989	1|1
NA18990	1|1
NA18991	1|1
NA18992	1|1
NA18993	1|1
NA18994	1|1
NA18995	1|1
NA18997	1|1
NA18998	1|1
NA18999	1|1
NA19000	1|1
NA19001	1|1
NA19002	1|1
NA19003	1|1
NA19004	1|1
NA19005	1|1
NA19006	1|1
NA19007	1|1
NA19009	1|1
NA19010	1|1
NA19011	1|1
NA19012	1|1
NA19017	1|1
NA19019	1|1
NA19020	1|1
NA19023	1|1
NA19024	1|1
NA19025	1|1
NA19026	1|0
NA19027	1|1
NA19028	1|1
NA19030	1|1
NA19031	1|1
NA19035	0|1
NA19036	1|1
NA19037	1|1
NA19038	1|1
NA19041	0|1
NA19042	1|1
NA19043	0|1
NA19054	1|1
NA19055	1|1
NA19056	1|1
NA19057	1|1
NA19058	1|1
NA19059	1|1
NA19060	1|1
NA19062	1|1
NA19063	1|1
NA19064	1|1
NA19065	1|1
NA19066	1|1
NA19067	1|1
NA19068	1|1
NA19070	1|1
NA19072	1|1
NA19074	1|1
NA19075	1|1
NA19076	1|1
NA19077	1|1
NA19078	1|1
NA19079	1|1
NA19080	1|1
NA19081	1|1
NA19082	1|1
NA19083	1|1
NA19084	1|1
NA19085	1|1
NA19086	1|1
NA19087	1|1
NA19088	1|1
NA19089	1|1
NA19090	1|1
NA19091	1|1
NA19092	1|1
NA19093	1|1
NA19095	1|1
NA19096	1|1
NA19098	1|1
NA19099	1|1
NA19102	1|1
NA19107	1|1
NA19108	1|1
NA19113	0|1
NA19114	1|1
NA19116	1|1
NA19117	1|1
NA19118	1|1
NA19119	1|1
NA19121	1|1
NA19129	1|1
NA19130	1|1
NA19131	1|1
NA19137	1|1
NA19138	1|1
NA19141	1|1
NA19143	1|1
NA19144	1|1
NA19146	1|1
NA19147	1|1
NA19149	1|1
NA19152	1|1
NA19153	1|1
NA19159	1|1
NA19160	1|1
NA19171	1|1
NA19172	1|1
NA19175	1|1
NA19184	1|1
NA19185	1|1
NA19189	1|1
NA19190	1|1
NA19197	1|1
NA19198	1|1
NA19200	1|1
NA19201	1|1
NA19204	1|1
NA19206	1|1
NA19207	1|1
NA19209	1|1
NA19210	1|1
NA19213	1|1
NA19214	1|1
NA19222	1|1
NA19223	1|1
NA19225	1|1
NA19235	1|1
NA19236	1|1
NA19238	1|1
NA19239	1|1
NA19247	1|1
NA19248	1|1
NA19256	1|1
NA19257	1|1
NA19307	1|1
NA19308	1|1
NA19309	1|1
NA19310	1|0
NA19312	1|1
NA19314	1|1
NA19315	0|0
NA19316	1|1
NA19317	1|1
NA19318	1|1
NA19319	1|1
NA19320	1|1
NA19321	1|1
NA19323	1|1
NA19324	0|1
NA19327	1|1
NA19328	1|1
NA19331	1|1
NA19332	1|1
NA19334	1|1
NA19338	1|1
NA19346	1|1
NA19347	1|1
NA19350	1|1
NA19351	1|1
NA19355	1|1
NA19360	1|1
NA19372	1|1
NA19374	1|1
NA19375	1|1
NA19376	1|1
NA19377	1|1
NA19378	1|1
NA19379	1|1
NA19380	1|1
NA19383	1|1
NA19384	1|1
NA19385	1|1
NA19390	1|1
NA19391	1|1
NA19393	1|1
NA19394	1|1
NA19395	1|1
NA19397	1|1
NA19399	1|1
NA19401	1|1
NA19403	1|1
NA19404	1|0
NA19428	1|1
NA19429	1|1
NA19430	1|1
NA19431	1|1
NA19434	1|1
NA19435	1|0
NA19436	1|1
NA19437	1|1
NA19438	1|1
NA19439	1|1
NA19440	1|1
NA19443	1|1
NA19445	1|1
NA19446	1|1
NA19448	0|1
NA19449	1|1
NA19451	1|1
NA19452	1|1
NA19454	0|1
NA19455	1|1
NA19456	1|1
NA19457	1|1
NA19461	0|1
NA19462	1|1
NA19463	1|0
NA19466	1|1
NA19467	1|1
NA19468	1|1
NA19471	1|1
NA19472	0|1
NA19473	1|1
NA19474	1|1
NA19475	1|1
NA19625	1|1
NA19648	0|0
NA19649	0|1
NA19651	0|0
NA19652	0|0
NA19654	1|0
NA19655	0|0
NA19657	0|0
NA19658	0|0
NA19661	0|1
NA19663	1|1
NA19664	1|0
NA19669	0|0
NA19670	0|1
NA19676	1|0
NA19678	1|0
NA19679	0|0
NA19681	0|1
NA19682	0|0
NA19684	0|1
NA19700	1|1
NA19701	1|1
NA19703	0|1
NA19704	0|1
NA19707	1|1
NA19711	1|1
NA19712	1|1
NA19713	1|1
NA19716	1|0
NA19717	1|1
NA19719	0|0
NA19720	0|1
NA19722	1|1
NA19723	1|1
NA19725	1|0
NA19726	0|1
NA19728	1|1
NA19729	1|1
NA19731	1|1
NA19732	1|1
NA19734	0|1
NA19735	1|1
NA19740	1|1
NA19741	1|1
NA19746	0|0
NA19747	0|1
NA19749	1|1
NA19750	0|0
NA19752	0|1
NA19755	0|1
NA19756	0|1
NA19758	0|1
NA19759	1|0
NA19761	0|0
NA19762	1|0
NA19764	1|1
NA19770	1|0
NA19771	1|0
NA19773	0|0
NA19774	0|1
NA19776	0|0
NA19777	1|0
NA19779	1|1
NA19780	0|0
NA19782	0|0
NA19783	1|1
NA19785	1|0
NA19786	1|0
NA19788	1|1
NA19789	1|1
NA19792	0|0
NA19794	0|0
NA19795	1|0
NA19818	1|0
NA19819	1|1
NA19834	1|1
NA19835	1|1
NA19900	1|0
NA19901	1|1
NA19904	1|1
NA19908	1|1
NA19909	1|0
NA19913	1|1
NA19914	1|1
NA19916	1|1
NA19917	1|1
NA19920	1|1
NA19921	1|0
NA19922	1|0
NA19923	0|1
NA19982	0|1
NA19984	1|1
NA20126	1|1
NA20127	1|1
NA20274	1|0
NA20276	1|1
NA20278	0|1
NA20281	1|1
NA20282	1|1
NA20287	0|1
NA20289	1|1
NA20291	1|1
NA20294	1|0
NA20296	1|1
NA20298	1|0
NA20299	1|1
NA20314	0|1
NA20317	1|1
NA20318	1|1
NA20320	1|1
NA20321	1|1
NA20332	1|1
NA20334	0|1
NA20339	0|1
NA20340	0|1
NA20342	0|1
NA20346	1|1
NA20348	1|0
NA20351	1|1
NA20355	0|1
NA20356	1|1
NA20357	1|0
NA20359	1|1
NA20362	0|1
NA20412	1|1
NA20502	0|0
NA20503	0|0
NA20504	0|0
NA20505	0|0
NA20506	0|0
NA20507	0|0
NA20508	0|0
NA20509	0|0
NA20510	0|0
NA20511	0|0
NA20512	0|0
NA20513	0|0
NA20514	0|0
NA20515	0|0
NA20516	0|0
NA20517	0|0
NA20518	0|0
NA20519	0|0
NA20520	0|0
NA20521	0|0
NA20522	0|0
NA20524	0|0
NA20525	0|0
NA20527	0|0
NA20528	0|0
NA20529	0|0
NA20530	0|0
NA20531	0|0
NA20532	0|0
NA20533	0|0
NA20534	0|0
NA20535	0|0
NA20536	0|0
NA20538	0|0
NA20539	0|0
NA20540	0|0
NA20541	0|0
NA20542	0|0
NA20543	0|0
NA20544	0|0
NA20581	0|0
NA20582	0|0
NA20585	0|0
NA20586	0|0
NA20587	0|0
NA20588	0|0
NA20589	0|0
NA20752	0|0
NA20753	0|0
NA20754	0|0
NA20755	0|0
NA20756	0|0
NA20757	0|0
NA20758	0|0
NA20759	0|1
NA20760	0|0
NA20761	0|0
NA20762	0|0
NA20763	0|0
NA20764	0|0
NA20765	0|0
NA20766	0|0
NA20767	0|0
NA20768	0|0
NA20769	0|0
NA20770	0|0
NA20771	0|0
NA20772	0|0
NA20773	0|0
NA20774	0|0
NA20775	0|0
NA20778	0|0
NA20783	0|0
NA20785	0|0
NA20786	0|0
NA20787	0|0
NA20790	0|0
NA20792	0|0
NA20795	0|0
NA20796	0|0
NA20797	0|0
NA20798	0|0
NA20799	0|0
NA20800	0|0
NA20801	0|0
NA20802	0|0
NA20803	0|0
NA20804	0|0
NA20805	0|0
NA20806	0|0
NA20807	0|0
NA20808	0|0
NA20809	0|0
NA20810	0|0
NA20811	0|0
NA20812	0|0
NA20813	0|0
NA20814	0|0
NA20815	0|0
NA20818	0|0
NA20819	0|0
NA20821	0|0
NA20822	0|0
NA20826	0|0
NA20827	0|0
NA20828	0|0
NA20832	0|0
NA20845	0|0
NA20846	0|0
NA20847	0|0
NA20849	0|0
NA20850	0|0
NA20851	0|0
NA20852	0|0
NA20853	0|0
NA20854	0|1
NA20856	0|0
NA20858	0|0
NA20859	0|0
NA20861	0|0
NA20862	0|0
NA20863	0|0
NA20864	0|0
NA20866	0|0
NA20867	0|0
NA20868	0|0
NA20869	0|0
NA20870	1|0
NA20872	0|0
NA20874	0|0
NA20875	0|0
NA20876	0|0
NA20877	0|0
NA20878	0|0
NA20881	0|0
NA20882	0|1
NA20884	0|1
NA20885	0|0
NA20886	0|0
NA20887	0|0
NA20888	0|0
NA20889	0|0
NA20890	0|0
NA20891	0|0
NA20892	0|0
NA20894	0|0
NA20895	0|0
NA20896	0|0
NA20897	0|0
NA20899	0|0
NA20900	0|1
NA20901	0|0
NA20902	0|0
NA20903	0|0
NA20904	0|0
NA20905	1|0
NA20906	0|0
NA20908	0|0
NA20910	0|0
NA20911	0|0
NA21086	0|1
NA21087	0|0
NA21088	0|0
NA21089	0|1
NA21090	0|0
NA21091	0|0
NA21092	0|0
NA21093	0|0
NA21094	0|0
NA21095	1|0
NA21097	0|0
NA21098	0|0
NA21099	0|0
NA21100	0|0
NA21101	0|0
NA21102	0|0
NA21103	0|0
NA21104	0|0
NA21105	0|0
NA21106	1|0
NA21107	0|0
NA21108	0|0
NA21109	0|0
NA21110	0|0
NA21111	0|0
NA21112	0|0
NA21113	0|0
NA21114	0|0
NA21115	0|0
NA21116	0|0
NA21117	0|0
NA21118	0|0
NA21119	0|0
NA21120	0|0
NA21122	0|0
NA21123	0|0
NA21124	0|0
NA21125	0|0
NA21126	0|0
NA21127	0|0
NA21128	0|0
NA21129	0|0
NA21130	0|0
NA21133	0|0
NA21135	0|0
NA21137	0|0
NA21141	0|0
NA21142	0|0
NA21143	0|0
NA21144	0|0
