sample	gt	super_pop
HG00096	0|0	EUR
HG00097	0|0	EUR
HG00099	0|0	EUR
HG00100	0|0	EUR
HG00101	0|0	EUR
HG00102	0|0	EUR
HG00103	0|0	EUR
HG00105	0|0	EUR
HG00106	0|0	EUR
HG00107	0|0	EUR
HG00108	0|0	EUR
HG00109	0|0	EUR
HG00110	0|0	EUR
HG00111	0|0	EUR
HG00112	0|0	EUR
HG00113	0|0	EUR
HG00114	0|0	EUR
HG00115	0|0	EUR
HG00116	0|0	EUR
HG00117	0|0	EUR
HG00118	0|0	EUR
HG00119	0|0	EUR
HG00120	0|0	EUR
HG00121	0|0	EUR
HG00122	0|0	EUR
HG00123	0|0	EUR
HG00125	0|0	EUR
HG00126	0|0	EUR
HG00127	0|0	EUR
HG00128	0|0	EUR
HG00129	0|0	EUR
HG00130	0|0	EUR
HG00131	0|0	EUR
HG00132	0|0	EUR
HG00133	0|0	EUR
HG00136	0|0	EUR
HG00137	0|0	EUR
HG00138	0|0	EUR
HG00139	0|0	EUR
HG00140	0|0	EUR
HG00141	0|0	EUR
HG00142	0|0	EUR
HG00143	0|0	EUR
HG00145	0|0	EUR
HG00146	0|0	EUR
HG00148	0|0	EUR
HG00149	0|0	EUR
HG00150	0|0	EUR
HG00151	0|0	EUR
HG00154	0|0	EUR
HG00155	0|0	EUR
HG00157	0|0	EUR
HG00158	0|0	EUR
HG00159	0|0	EUR
HG00160	0|0	EUR
HG00171	0|0	EUR
HG00173	0|0	EUR
HG00174	0|0	EUR
HG00176	0|0	EUR
HG00177	0|0	EUR
HG00178	0|0	EUR
HG00179	0|0	EUR
HG00180	0|0	EUR
HG00181	0|0	EUR
HG00182	0|0	EUR
HG00183	0|0	EUR
HG00185	0|0	EUR
HG00186	0|0	EUR
HG00187	0|0	EUR
HG00188	0|0	EUR
HG00189	0|0	EUR
HG00190	0|0	EUR
HG00231	0|0	EUR
HG00232	0|0	EUR
HG00233	0|0	EUR
HG00234	0|0	EUR
HG00235	0|0	EUR
HG00236	0|0	EUR
HG00237	0|0	EUR
HG00238	0|0	EUR
HG00239	0|0	EUR
HG00240	0|0	EUR
HG00242	0|0	EUR
HG00243	0|0	EUR
HG00244	0|0	EUR
HG00245	0|0	EUR
HG00246	0|0	EUR
HG00250	0|0	EUR
HG00251	0|0	EUR
HG00252	0|0	EUR
HG00253	0|0	EUR
HG00254	0|0	EUR
HG00255	0|0	EUR
HG00256	0|0	EUR
HG00257	0|0	EUR
HG00258	0|0	EUR
HG00259	0|0	EUR
HG00260	0|0	EUR
HG00261	0|0	EUR
HG00262	0|0	EUR
HG00263	0|0	EUR
HG00264	0|0	EUR
HG00265	0|0	EUR
HG00266	0|0	EUR
HG00267	0|0	EUR
HG00268	0|0	EUR
HG00269	0|0	EUR
HG00271	0|0	EUR
HG00272	0|0	EUR
HG00273	0|0	EUR
HG00274	0|0	EUR
HG00275	0|0	EUR
HG00276	0|0	EUR
HG00277	0|0	EUR
HG00278	0|0	EUR
HG00280	0|0	EUR
HG00281	0|0	EUR
HG00282	0|0	EUR
HG00284	0|0	EUR
HG00285	0|0	EUR
HG00288	0|0	EUR
HG00290	0|0	EUR
HG00304	0|0	EUR
HG00306	0|0	EUR
HG00308	0|0	EUR
HG00309	0|0	EUR
HG00310	0|0	EUR
HG00311	0|0	EUR
HG00313	0|0	EUR
HG00315	0|0	EUR
HG00318	0|0	EUR
HG00319	0|0	EUR
HG00320	0|0	EUR
HG00321	0|0	EUR
HG00323	0|0	EUR
HG00324	0|0	EUR
HG00325	0|0	EUR
HG00326	0|0	EUR
HG00327	0|0	EUR
HG00328	0|0	EUR
HG00329	0|0	EUR
HG00330	0|0	EUR
HG00331	0|0	EUR
HG00332	0|0	EUR
HG00334	0|0	EUR
HG00335	0|0	EUR
HG00336	0|0	EUR
HG00337	0|0	EUR
HG00338	0|0	EUR
HG00339	0|0	EUR
HG00341	0|0	EUR
HG00342	0|0	EUR
HG00343	0|0	EUR
HG00344	0|0	EUR
HG00345	0|0	EUR
HG00346	0|0	EUR
HG00349	0|0	EUR
HG00350	0|0	EUR
HG00351	0|0	EUR
HG00353	0|0	EUR
HG00355	0|0	EUR
HG00356	0|0	EUR
HG00357	0|0	EUR
HG00358	0|0	EUR
HG00360	0|0	EUR
HG00361	0|0	EUR
HG00362	0|0	EUR
HG00364	0|0	EUR
HG00365	0|0	EUR
HG00366	0|0	EUR
HG00367	0|0	EUR
HG00368	0|0	EUR
HG00369	0|0	EUR
HG00371	0|0	EUR
HG00372	0|0	EUR
HG00373	0|0	EUR
HG00375	0|0	EUR
HG00376	0|0	EUR
HG00378	0|0	EUR
HG00379	0|0	EUR
HG00380	0|0	EUR
HG00381	0|0	EUR
HG00382	0|0	EUR
HG00383	0|0	EUR
HG00384	0|0	EUR
HG00403	0|0	EAS
HG00404	0|0	EAS
HG00406	0|0	EAS
HG00407	0|0	EAS
HG00409	0|0	EAS
HG00410	0|0	EAS
HG00419	0|0	EAS
HG00421	0|0	EAS
HG00422	0|0	EAS
HG00428	0|0	EAS
HG00436	0|0	EAS
HG00437	0|0	EAS
HG00442	0|0	EAS
HG00443	0|0	EAS
HG00445	0|0	EAS
HG00446	0|0	EAS
HG00448	0|0	EAS
HG00449	0|0	EAS
HG00451	0|0	EAS
HG00452	0|0	EAS
HG00457	0|0	EAS
HG00458	0|0	EAS
HG00463	0|0	EAS
HG00464	0|0	EAS
HG00472	0|0	EAS
HG00473	0|0	EAS
HG00475	0|0	EAS
HG00476	0|0	EAS
HG00478	0|0	EAS
HG00479	0|0	EAS
HG00500	0|0	EAS
HG00513	0|0	EAS
HG00524	0|0	EAS
HG00525	0|0	EAS
HG00530	0|0	EAS
HG00531	0|0	EAS
HG00533	0|0	EAS
HG00534	0|0	EAS
HG00536	0|0	EAS
HG00537	0|0	EAS
HG00542	0|0	EAS
HG00543	0|0	EAS
HG00551	0|0	AMR
HG00553	0|0	AMR
HG00554	0|0	AMR
HG00556	0|0	EAS
HG00557	0|0	EAS
HG00559	0|0	EAS
HG00560	0|0	EAS
HG00565	0|0	EAS
HG00566	0|0	EAS
HG00580	0|0	EAS
HG00581	0|0	EAS
HG00583	0|0	EAS
HG00584	0|0	EAS
HG00589	0|0	EAS
HG00590	0|0	EAS
HG00592	0|0	EAS
HG00593	0|0	EAS
HG00595	0|0	EAS
HG00596	0|0	EAS
HG00598	0|0	EAS
HG00599	0|0	EAS
HG00607	0|0	EAS
HG00608	0|0	EAS
HG00610	0|0	EAS
HG00611	0|0	EAS
HG00613	0|0	EAS
HG00614	0|0	EAS
HG00619	0|0	EAS
HG00620	0|0	EAS
HG00622	0|0	EAS
HG00623	0|0	EAS
HG00625	0|0	EAS
HG00626	0|0	EAS
HG00628	0|0	EAS
HG00629	0|0	EAS
HG00631	0|0	EAS
HG00632	0|0	EAS
HG00634	0|0	EAS
HG00637	0|0	AMR
HG00638	0|0	AMR
HG00640	0|0	AMR
HG00641	0|0	AMR
HG00650	0|0	EAS
HG00651	0|0	EAS
HG00653	0|0	EAS
HG00654	0|0	EAS
HG00656	0|0	EAS
HG00657	0|0	EAS
HG00662	0|0	EAS
HG00663	0|0	EAS
HG00671	0|0	EAS
HG00672	0|0	EAS
HG00674	0|0	EAS
HG00675	0|0	EAS
HG00683	0|0	EAS
HG00684	0|0	EAS
HG00689	0|0	EAS
HG00690	0|0	EAS
HG00692	0|0	EAS
HG00693	0|0	EAS
HG00698	0|0	EAS
HG00699	0|0	EAS
HG00701	0|0	EAS
HG00704	0|0	EAS
HG00705	0|0	EAS
HG00707	0|0	EAS
HG00708	0|0	EAS
HG00717	0|0	EAS
HG00728	0|0	EAS
HG00729	0|0	EAS
HG00731	0|0	AMR
HG00732	0|0	AMR
HG00734	0|0	AMR
HG00736	0|0	AMR
HG00737	0|0	AMR
HG00739	0|0	AMR
HG00740	1|0	AMR
HG00742	0|0	AMR
HG00743	0|0	AMR
HG00759	0|0	EAS
HG00766	0|0	EAS
HG00844	0|0	EAS
HG00851	0|0	EAS
HG00864	0|0	EAS
HG00867	0|0	EAS
HG00879	0|0	EAS
HG00881	0|0	EAS
HG00956	0|0	EAS
HG00978	0|0	EAS
HG00982	0|0	EAS
HG01028	0|0	EAS
HG01029	0|0	EAS
HG01031	0|0	EAS
HG01046	0|0	EAS
HG01047	0|0	AMR
HG01048	0|0	AMR
HG01049	1|0	AMR
HG01051	0|0	AMR
HG01052	0|1	AMR
HG01054	0|0	AMR
HG01055	0|0	AMR
HG01058	1|1	AMR
HG01060	0|0	AMR
HG01061	0|0	AMR
HG01063	1|1	AMR
HG01064	0|0	AMR
HG01066	0|1	AMR
HG01067	0|0	AMR
HG01069	0|0	AMR
HG01070	0|0	AMR
HG01072	0|0	AMR
HG01073	0|0	AMR
HG01075	0|0	AMR
HG01077	0|0	AMR
HG01079	0|1	AMR
HG01080	0|1	AMR
HG01082	0|0	AMR
HG01083	0|0	AMR
HG01085	0|0	AMR
HG01086	0|0	AMR
HG01088	0|1	AMR
HG01089	0|0	AMR
HG01092	1|0	AMR
HG01094	0|0	AMR
HG01095	0|0	AMR
HG01097	0|0	AMR
HG01098	0|0	AMR
HG01101	0|0	AMR
HG01102	0|0	AMR
HG01104	0|0	AMR
HG01105	0|0	AMR
HG01107	0|1	AMR
HG01108	1|1	AMR
HG01110	0|0	AMR
HG01111	0|0	AMR
HG01112	0|0	AMR
HG01113	0|0	AMR
HG01119	0|0	AMR
HG01121	0|0	AMR
HG01122	0|0	AMR
HG01124	0|1	AMR
HG01125	0|0	AMR
HG01130	0|0	AMR
HG01131	0|0	AMR
HG01133	0|0	AMR
HG01134	0|0	AMR
HG01136	0|0	AMR
HG01137	0|0	AMR
HG01139	0|1	AMR
HG01140	0|0	AMR
HG01142	0|0	AMR
HG01148	0|0	AMR
HG01149	0|0	AMR
HG01161	0|0	AMR
HG01162	0|0	AMR
HG01164	0|0	AMR
HG01167	0|0	AMR
HG01168	0|0	AMR
HG01170	0|0	AMR
HG01171	1|0	AMR
HG01173	0|1	AMR
HG01174	0|0	AMR
HG01176	0|0	AMR
HG01177	0|0	AMR
HG01182	1|0	AMR
HG01183	0|0	AMR
HG01187	1|1	AMR
HG01188	0|0	AMR
HG01190	0|0	AMR
HG01191	0|0	AMR
HG01197	0|0	AMR
HG01198	0|0	AMR
HG01200	0|0	AMR
HG01204	0|0	AMR
HG01205	0|0	AMR
HG01241	0|1	AMR
HG01242	0|1	AMR
HG01247	0|0	AMR
HG01248	0|0	AMR
HG01250	0|0	AMR
HG01251	0|0	AMR
HG01253	0|0	AMR
HG01254	0|0	AMR
HG01256	0|0	AMR
HG01257	0|0	AMR
HG01259	0|0	AMR
HG01260	0|0	AMR
HG01269	0|0	AMR
HG01271	0|0	AMR
HG01272	0|0	AMR
HG01275	0|0	AMR
HG01277	0|0	AMR
HG01280	0|0	AMR
HG01281	0|0	AMR
HG01284	0|1	AMR
HG01286	0|1	AMR
HG01302	0|0	AMR
HG01303	0|0	AMR
HG01305	0|0	AMR
HG01308	0|0	AMR
HG01311	0|1	AMR
HG01312	0|0	AMR
HG01323	0|0	AMR
HG01325	0|1	AMR
HG01326	0|0	AMR
HG01334	0|0	EUR
HG01341	0|0	AMR
HG01342	1|0	AMR
HG01344	0|0	AMR
HG01345	0|0	AMR
HG01348	0|0	AMR
HG01350	0|0	AMR
HG01351	0|0	AMR
HG01353	0|0	AMR
HG01354	0|0	AMR
HG01356	0|0	AMR
HG01357	0|0	AMR
HG01359	0|0	AMR
HG01360	0|0	AMR
HG01362	0|1	AMR
HG01363	0|0	AMR
HG01365	0|0	AMR
HG01366	0|0	AMR
HG01369	0|0	AMR
HG01372	0|0	AMR
HG01374	0|0	AMR
HG01375	0|0	AMR
HG01377	1|0	AMR
HG01378	0|0	AMR
HG01383	0|1	AMR
HG01384	0|0	AMR
HG01389	0|0	AMR
HG01390	1|1	AMR
HG01392	0|0	AMR
HG01393	0|0	AMR
HG01395	0|0	AMR
HG01396	1|0	AMR
HG01398	0|1	AMR
HG01402	0|1	AMR
HG01403	0|0	AMR
HG01405	0|0	AMR
HG01412	0|0	AMR
HG01413	1|0	AMR
HG01414	0|0	AMR
HG01431	0|0	AMR
HG01432	0|0	AMR
HG01435	0|0	AMR
HG01437	0|0	AMR
HG01438	0|0	AMR
HG01440	0|1	AMR
HG01441	0|0	AMR
HG01443	0|0	AMR
HG01444	0|0	AMR
HG01447	0|0	AMR
HG01455	0|0	AMR
HG01456	0|0	AMR
HG01459	0|0	AMR
HG01461	0|0	AMR
HG01462	1|0	AMR
HG01464	0|0	AMR
HG01465	0|0	AMR
HG01468	0|0	AMR
HG01474	0|0	AMR
HG01479	0|0	AMR
HG01485	0|1	AMR
HG01486	0|0	AMR
HG01488	0|0	AMR
HG01489	0|0	AMR
HG01491	0|0	AMR
HG01492	0|0	AMR
HG01494	0|0	AMR
HG01495	0|0	AMR
HG01497	0|0	AMR
HG01498	0|0	AMR
HG01500	0|0	EUR
HG01501	0|0	EUR
HG01503	0|0	EUR
HG01504	0|0	EUR
HG01506	0|0	EUR
HG01507	0|0	EUR
HG01509	0|0	EUR
HG01510	0|0	EUR
HG01512	0|0	EUR
HG01513	0|0	EUR
HG01515	0|0	EUR
HG01516	0|0	EUR
HG01518	0|0	EUR
HG01519	0|0	EUR
HG01521	0|0	EUR
HG01522	0|0	EUR
HG01524	0|0	EUR
HG01525	0|1	EUR
HG01527	0|0	EUR
HG01528	0|0	EUR
HG01530	0|0	EUR
HG01531	0|0	EUR
HG01536	0|0	EUR
HG01537	0|0	EUR
HG01550	0|0	AMR
HG01551	0|1	AMR
HG01556	1|0	AMR
HG01565	0|0	AMR
HG01566	0|0	AMR
HG01571	0|0	AMR
HG01572	0|0	AMR
HG01577	0|0	AMR
HG01578	0|0	AMR
HG01583	0|0	SAS
HG01586	0|0	SAS
HG01589	0|0	SAS
HG01593	0|0	SAS
HG01595	0|0	EAS
HG01596	0|0	EAS
HG01597	0|0	EAS
HG01598	0|0	EAS
HG01599	0|0	EAS
HG01600	0|0	EAS
HG01602	0|0	EUR
HG01603	0|0	EUR
HG01605	0|0	EUR
HG01606	0|0	EUR
HG01607	0|0	EUR
HG01608	0|0	EUR
HG01610	0|0	EUR
HG01612	0|0	EUR
HG01613	0|0	EUR
HG01615	0|0	EUR
HG01617	0|0	EUR
HG01618	0|0	EUR
HG01619	0|0	EUR
HG01620	0|0	EUR
HG01623	0|0	EUR
HG01624	0|0	EUR
HG01625	0|0	EUR
HG01626	0|0	EUR
HG01628	0|0	EUR
HG01630	0|0	EUR
HG01631	0|0	EUR
HG01632	0|0	EUR
HG01668	0|0	EUR
HG01669	0|0	EUR
HG01670	0|0	EUR
HG01672	0|0	EUR
HG01673	0|0	EUR
HG01675	0|0	EUR
HG01676	0|0	EUR
HG01678	0|0	EUR
HG01679	0|0	EUR
HG01680	0|0	EUR
HG01682	0|0	EUR
HG01684	0|0	EUR
HG01685	0|0	EUR
HG01686	0|0	EUR
HG01694	0|0	EUR
HG01695	0|0	EUR
HG01697	0|0	EUR
HG01699	0|0	EUR
HG01700	0|0	EUR
HG01702	0|0	EUR
HG01704	1|0	EUR
HG01705	0|0	EUR
HG01707	0|0	EUR
HG01708	0|0	EUR
HG01709	0|0	EUR
HG01710	0|0	EUR
HG01746	0|0	EUR
HG01747	0|0	EUR
HG01756	0|0	EUR
HG01757	0|0	EUR
HG01761	0|0	EUR
HG01762	0|0	EUR
HG01765	0|0	EUR
HG01766	0|0	EUR
HG01767	0|0	EUR
HG01768	0|0	EUR
HG01770	0|0	EUR
HG01771	0|0	EUR
HG01773	0|0	EUR
HG01775	0|0	EUR
HG01776	0|0	EUR
HG01777	0|0	EUR
HG01779	0|0	EUR
HG01781	0|0	EUR
HG01783	0|1	EUR
HG01784	0|0	EUR
HG01785	0|0	EUR
HG01786	0|0	EUR
HG01789	0|0	EUR
HG01790	0|0	EUR
HG01791	0|0	EUR
HG01794	0|0	EAS
HG01795	0|0	EAS
HG01796	0|0	EAS
HG01797	0|0	EAS
HG01798	0|0	EAS
HG01799	0|0	EAS
HG01800	0|0	EAS
HG01801	0|0	EAS
HG01802	0|0	EAS
HG01804	0|0	EAS
HG01805	0|0	EAS
HG01806	0|0	EAS
HG01807	0|0	EAS
HG01808	0|0	EAS
HG01809	0|0	EAS
HG01810	0|0	EAS
HG01811	0|0	EAS
HG01812	0|0	EAS
HG01813	0|0	EAS
HG01815	0|0	EAS
HG01816	0|0	EAS
HG01817	0|0	EAS
HG01840	0|0	EAS
HG01841	0|0	EAS
HG01842	0|0	EAS
HG01843	0|0	EAS
HG01844	0|0	EAS
HG01845	0|0	EAS
HG01846	0|0	EAS
HG01847	0|0	EAS
HG01848	0|0	EAS
HG01849	0|0	EAS
HG01850	0|0	EAS
HG01851	0|0	EAS
HG01852	0|0	EAS
HG01853	0|0	EAS
HG01855	0|0	EAS
HG01857	0|0	EAS
HG01858	0|0	EAS
HG01859	0|0	EAS
HG01860	0|0	EAS
HG01861	0|0	EAS
HG01862	0|0	EAS
HG01863	0|0	EAS
HG01864	0|0	EAS
HG01865	0|0	EAS
HG01866	0|0	EAS
HG01867	0|0	EAS
HG01868	0|0	EAS
HG01869	0|0	EAS
HG01870	0|0	EAS
HG01871	0|0	EAS
HG01872	0|0	EAS
HG01873	0|0	EAS
HG01874	0|0	EAS
HG01878	0|0	EAS
HG01879	1|1	AFR
HG01880	1|0	AFR
HG01882	1|1	AFR
HG01883	1|1	AFR
HG01885	0|1	AFR
HG01886	0|1	AFR
HG01889	1|1	AFR
HG01890	1|1	AFR
HG01892	0|0	AMR
HG01893	1|0	AMR
HG01894	1|1	AFR
HG01896	1|1	AFR
HG01912	1|1	AFR
HG01914	1|1	AFR
HG01915	1|1	AFR
HG01917	0|0	AMR
HG01918	0|0	AMR
HG01920	0|0	AMR
HG01921	0|0	AMR
HG01923	0|0	AMR
HG01924	1|0	AMR
HG01926	0|0	AMR
HG01927	0|0	AMR
HG01932	0|0	AMR
HG01933	0|0	AMR
HG01935	0|0	AMR
HG01936	0|0	AMR
HG01938	0|0	AMR
HG01939	0|0	AMR
HG01941	0|1	AMR
HG01942	0|0	AMR
HG01944	0|0	AMR
HG01945	0|0	AMR
HG01947	0|0	AMR
HG01948	0|0	AMR
HG01950	0|0	AMR
HG01951	0|0	AMR
HG01953	0|0	AMR
HG01954	0|0	AMR
HG01956	1|1	AFR
HG01958	1|0	AFR
HG01961	0|0	AMR
HG01965	0|0	AMR
HG01967	0|0	AMR
HG01968	0|0	AMR
HG01970	0|0	AMR
HG01971	0|0	AMR
HG01973	1|0	AMR
HG01974	0|0	AMR
HG01976	0|0	AMR
HG01977	0|0	AMR
HG01979	0|0	AMR
HG01980	0|0	AMR
HG01982	0|0	AMR
HG01985	1|1	AFR
HG01986	1|1	AFR
HG01988	1|0	AFR
HG01989	1|1	AFR
HG01990	1|1	AFR
HG01991	0|0	AMR
HG01992	0|0	AMR
HG01997	0|0	AMR
HG02002	0|0	AMR
HG02003	0|0	AMR
HG02006	1|1	AMR
HG02008	0|0	AMR
HG02009	0|1	AFR
HG02010	1|1	AFR
HG02012	1|1	AFR
HG02013	1|1	AFR
HG02014	1|1	AFR
HG02016	0|0	EAS
HG02017	0|0	EAS
HG02019	0|0	EAS
HG02020	0|0	EAS
HG02023	0|0	EAS
HG02025	0|0	EAS
HG02026	0|0	EAS
HG02028	0|0	EAS
HG02029	0|0	EAS
HG02031	0|0	EAS
HG02032	0|0	EAS
HG02035	0|0	EAS
HG02040	0|0	EAS
HG02047	0|0	EAS
HG02048	0|0	EAS
HG02049	0|0	EAS
HG02050	0|0	EAS
HG02051	1|1	AFR
HG02052	1|1	AFR
HG02053	1|1	AFR
HG02054	1|1	AFR
HG02057	0|0	EAS
HG02058	0|0	EAS
HG02060	0|0	EAS
HG02061	0|0	EAS
HG02064	0|0	EAS
HG02067	0|0	EAS
HG02069	0|0	EAS
HG02070	0|0	EAS
HG02072	0|0	EAS
HG02073	0|0	EAS
HG02075	0|0	EAS
HG02076	0|0	EAS
HG02078	0|0	EAS
HG02079	0|0	EAS
HG02081	0|0	EAS
HG02082	0|0	EAS
HG02084	0|0	EAS
HG02085	0|0	EAS
HG02086	0|0	EAS
HG02087	0|0	EAS
HG02088	0|0	EAS
HG02089	0|0	AMR
HG02090	0|0	AMR
HG02095	0|1	AFR
HG02102	0|0	AMR
HG02104	0|0	AMR
HG02105	0|0	AMR
HG02107	1|1	AFR
HG02108	1|1	AFR
HG02111	0|1	AFR
HG02113	0|0	EAS
HG02116	0|0	EAS
HG02121	0|0	EAS
HG02122	0|0	EAS
HG02127	0|0	EAS
HG02128	0|0	EAS
HG02130	0|0	EAS
HG02131	0|0	EAS
HG02133	0|0	EAS
HG02134	0|0	EAS
HG02136	0|0	EAS
HG02137	0|0	EAS
HG02138	0|0	EAS
HG02139	0|0	EAS
HG02140	0|0	EAS
HG02141	0|0	EAS
HG02142	0|0	EAS
HG02143	1|1	AFR
HG02144	1|1	AFR
HG02146	0|0	AMR
HG02147	0|0	AMR
HG02150	0|0	AMR
HG02151	0|0	EAS
HG02152	0|0	EAS
HG02153	0|0	EAS
HG02154	0|0	EAS
HG02155	0|0	EAS
HG02156	0|0	EAS
HG02164	0|0	EAS
HG02165	0|0	EAS
HG02166	0|0	EAS
HG02178	0|0	EAS
HG02179	0|0	EAS
HG02180	0|0	EAS
HG02181	0|0	EAS
HG02182	0|0	EAS
HG02184	0|0	EAS
HG02185	0|0	EAS
HG02186	0|0	EAS
HG02187	0|0	EAS
HG02188	0|0	EAS
HG02190	0|0	EAS
HG02215	0|0	EUR
HG02219	1|0	EUR
HG02220	0|0	EUR
HG02221	0|0	EUR
HG02223	0|0	EUR
HG02224	0|0	EUR
HG02230	0|0	EUR
HG02231	0|0	EUR
HG02232	0|0	EUR
HG02233	0|0	EUR
HG02235	0|0	EUR
HG02236	0|0	EUR
HG02238	0|0	EUR
HG02239	0|0	EUR
HG02250	0|0	EAS
HG02252	0|0	AMR
HG02253	0|0	AMR
HG02255	1|1	AFR
HG02256	1|0	AFR
HG02259	0|0	AMR
HG02260	0|0	AMR
HG02262	0|0	AMR
HG02265	0|0	AMR
HG02266	0|1	AMR
HG02271	0|0	AMR
HG02272	0|0	AMR
HG02274	0|0	AMR
HG02275	0|0	AMR
HG02277	0|0	AMR
HG02278	0|0	AMR
HG02281	1|1	AFR
HG02282	1|1	AFR
HG02283	1|1	AFR
HG02284	1|1	AFR
HG02285	0|0	AMR
HG02286	0|0	AMR
HG02291	0|0	AMR
HG02292	0|0	AMR
HG02298	0|0	AMR
HG02299	0|0	AMR
HG02301	0|0	AMR
HG02304	0|0	AMR
HG02307	1|1	AFR
HG02308	1|1	AFR
HG02309	1|1	AFR
HG02312	0|0	AMR
HG02314	1|1	AFR
HG02315	1|1	AFR
HG02317	1|1	AFR
HG02318	1|1	AFR
HG02322	0|1	AFR
HG02323	1|0	AFR
HG02325	1|1	AFR
HG02330	1|1	AFR
HG02332	1|1	AFR
HG02334	1|1	AFR
HG02337	1|1	AFR
HG02339	1|1	AFR
HG02343	1|1	AFR
HG02345	0|0	AMR
HG02348	0|0	AMR
HG02351	0|0	EAS
HG02353	0|0	EAS
HG02355	0|0	EAS
HG02356	0|0	EAS
HG02360	0|0	EAS
HG02364	0|0	EAS
HG02367	0|0	EAS
HG02371	0|0	EAS
HG02373	0|0	EAS
HG02374	0|0	EAS
HG02375	0|0	EAS
HG02379	0|0	EAS
HG02380	0|0	EAS
HG02382	0|0	EAS
HG02383	0|0	EAS
HG02384	0|0	EAS
HG02385	0|0	EAS
HG02386	0|0	EAS
HG02389	0|0	EAS
HG02390	0|0	EAS
HG02391	0|0	EAS
HG02392	0|0	EAS
HG02394	0|0	EAS
HG02395	0|0	EAS
HG02396	0|0	EAS
HG02397	0|0	EAS
HG02398	0|0	EAS
HG02399	0|0	EAS
HG02401	0|0	EAS
HG02402	0|0	EAS
HG02406	0|0	EAS
HG02407	0|0	EAS
HG02408	0|0	EAS
HG02409	0|0	EAS
HG02410	0|0	EAS
HG02419	1|1	AFR
HG02420	1|0	AFR
HG02425	0|0	AMR
HG02427	1|1	AFR
HG02429	1|1	AFR
HG02433	0|1	AFR
HG02439	1|1	AFR
HG02442	1|1	AFR
HG02445	1|1	AFR
HG02449	1|1	AFR
HG02450	1|1	AFR
HG02455	1|1	AFR
HG02461	1|1	AFR
HG02462	1|1	AFR
HG02464	1|1	AFR
HG02465	1|1	AFR
HG02470	1|1	AFR
HG02471	0|0	AFR
HG02476	0|1	AFR
HG02477	1|1	AFR
HG02479	1|1	AFR
HG02481	1|1	AFR
HG02484	1|0	AFR
HG02485	1|1	AFR
HG02489	0|1	AFR
HG02490	0|0	SAS
HG02491	0|0	SAS
HG02493	0|0	SAS
HG02494	0|0	SAS
HG02496	1|1	AFR
HG02497	1|0	AFR
HG02501	1|0	AFR
HG02502	0|1	AFR
HG02505	1|1	AFR
HG02508	1|1	AFR
HG02511	1|1	AFR
HG02512	0|0	EAS
HG02513	0|0	EAS
HG02521	0|0	EAS
HG02522	0|0	EAS
HG02536	1|1	AFR
HG02537	1|1	AFR
HG02541	1|1	AFR
HG02545	1|1	AFR
HG02546	1|1	AFR
HG02549	1|1	AFR
HG02554	1|1	AFR
HG02555	1|1	AFR
HG02557	1|1	AFR
HG02558	0|1	AFR
HG02561	1|1	AFR
HG02562	1|1	AFR
HG02568	1|1	AFR
HG02570	1|1	AFR
HG02571	1|1	AFR
HG02573	1|1	AFR
HG02574	1|1	AFR
HG02577	1|1	AFR
HG02580	1|1	AFR
HG02582	1|1	AFR
HG02583	1|1	AFR
HG02585	1|1	AFR
HG02586	1|1	AFR
HG02588	1|1	AFR
HG02589	1|1	AFR
HG02594	1|1	AFR
HG02595	1|1	AFR
HG02597	0|0	SAS
HG02600	0|0	SAS
HG02601	0|0	SAS
HG02603	0|0	SAS
HG02604	0|0	SAS
HG02610	1|1	AFR
HG02611	1|1	AFR
HG02613	1|1	AFR
HG02614	1|1	AFR
HG02620	1|1	AFR
HG02621	1|1	AFR
HG02623	1|1	AFR
HG02624	1|1	AFR
HG02628	1|1	AFR
HG02629	1|1	AFR
HG02634	1|1	AFR
HG02635	1|1	AFR
HG02642	1|1	AFR
HG02643	1|1	AFR
HG02645	1|1	AFR
HG02646	1|1	AFR
HG02648	0|0	SAS
HG02649	0|0	SAS
HG02651	0|0	SAS
HG02652	0|0	SAS
HG02654	0|0	SAS
HG02655	0|0	SAS
HG02657	0|0	SAS
HG02658	0|0	SAS
HG02660	0|0	SAS
HG02661	0|0	SAS
HG02666	1|1	AFR
HG02667	1|1	AFR
HG02675	1|1	AFR
HG02676	1|1	AFR
HG02678	1|1	AFR
HG02679	1|1	AFR
HG02681	0|0	SAS
HG02682	0|0	SAS
HG02684	0|0	SAS
HG02685	0|0	SAS
HG02687	0|0	SAS
HG02688	0|0	SAS
HG02690	0|0	SAS
HG02691	0|0	SAS
HG02694	0|0	SAS
HG02696	0|0	SAS
HG02697	0|0	SAS
HG02699	0|0	SAS
HG02700	0|0	SAS
HG02702	1|1	AFR
HG02703	1|1	AFR
HG02715	1|1	AFR
HG02716	1|1	AFR
HG02721	1|1	AFR
HG02722	1|1	AFR
HG02724	0|0	SAS
HG02725	0|0	SAS
HG02727	0|0	SAS
HG02728	0|0	SAS
HG02731	0|0	SAS
HG02733	0|0	SAS
HG02734	0|0	SAS
HG02736	0|0	SAS
HG02737	0|0	SAS
HG02756	1|1	AFR
HG02757	1|1	AFR
HG02759	1|1	AFR
HG02760	1|1	AFR
HG02763	1|1	AFR
HG02768	1|1	AFR
HG02769	1|1	AFR
HG02771	1|1	AFR
HG02772	1|1	AFR
HG02774	0|0	SAS
HG02775	0|0	SAS
HG02778	0|0	SAS
HG02780	0|0	SAS
HG02783	0|0	SAS
HG02784	0|0	SAS
HG02786	0|0	SAS
HG02787	0|0	SAS
HG02789	0|0	SAS
HG02790	0|0	SAS
HG02792	0|0	SAS
HG02793	0|0	SAS
HG02798	1|1	AFR
HG02799	1|1	AFR
HG02804	1|1	AFR
HG02805	1|1	AFR
HG02807	1|1	AFR
HG02808	1|1	AFR
HG02810	1|1	AFR
HG02811	1|1	AFR
HG02813	1|1	AFR
HG02814	1|1	AFR
HG02816	1|1	AFR
HG02817	1|1	AFR
HG02819	1|1	AFR
HG02820	1|1	AFR
HG02836	1|1	AFR
HG02837	1|1	AFR
HG02839	1|1	AFR
HG02840	1|1	AFR
HG02851	1|1	AFR
HG02852	1|1	AFR
HG02854	1|1	AFR
HG02855	1|1	AFR
HG02860	1|1	AFR
HG02861	1|1	AFR
HG02870	1|1	AFR
HG02878	1|1	AFR
HG02879	1|1	AFR
HG02881	1|1	AFR
HG02882	1|1	AFR
HG02884	1|1	AFR
HG02885	1|1	AFR
HG02887	1|1	AFR
HG02888	1|1	AFR
HG02890	1|1	AFR
HG02891	1|1	AFR
HG02895	1|1	AFR
HG02896	1|1	AFR
HG02922	1|1	AFR
HG02923	1|1	AFR
HG02938	1|1	AFR
HG02941	1|1	AFR
HG02943	1|1	AFR
HG02944	1|1	AFR
HG02946	1|1	AFR
HG02947	1|1	AFR
HG02952	1|1	AFR
HG02953	1|1	AFR
HG02968	1|1	AFR
HG02970	1|1	AFR
HG02971	1|1	AFR
HG02973	1|1	AFR
HG02974	1|1	AFR
HG02976	1|1	AFR
HG02977	1|1	AFR
HG02979	1|1	AFR
HG02981	1|1	AFR
HG02982	1|1	AFR
HG02983	1|1	AFR
HG03006	0|0	SAS
HG03007	0|0	SAS
HG03009	0|0	SAS
HG03012	0|0	SAS
HG03015	0|0	SAS
HG03016	0|0	SAS
HG03018	0|0	SAS
HG03019	0|0	SAS
HG03021	0|0	SAS
HG03022	0|0	SAS
HG03024	1|1	AFR
HG03025	1|1	AFR
HG03027	1|1	AFR
HG03028	1|1	AFR
HG03039	1|1	AFR
HG03040	1|1	AFR
HG03045	1|1	AFR
HG03046	1|1	AFR
HG03048	1|1	AFR
HG03049	1|1	AFR
HG03052	1|1	AFR
HG03054	1|1	AFR
HG03055	1|1	AFR
HG03057	1|1	AFR
HG03058	1|1	AFR
HG03060	1|1	AFR
HG03061	1|1	AFR
HG03063	1|1	AFR
HG03064	1|1	AFR
HG03066	1|1	AFR
HG03069	1|1	AFR
HG03072	1|1	AFR
HG03073	1|1	AFR
HG03074	1|1	AFR
HG03077	1|1	AFR
HG03078	1|1	AFR
HG03079	1|1	AFR
HG03081	1|1	AFR
HG03082	1|1	AFR
HG03084	1|1	AFR
HG03085	1|1	AFR
HG03086	1|1	AFR
HG03088	1|1	AFR
HG03091	1|1	AFR
HG03095	1|1	AFR
HG03096	1|1	AFR
HG03097	1|1	AFR
HG03099	1|1	AFR
HG03100	1|1	AFR
HG03103	1|1	AFR
HG03105	1|1	AFR
HG03108	1|1	AFR
HG03109	1|1	AFR
HG03111	1|1	AFR
HG03112	1|1	AFR
HG03114	1|1	AFR
HG03115	1|1	AFR
HG03117	1|1	AFR
HG03118	1|1	AFR
HG03120	1|1	AFR
HG03121	1|1	AFR
HG03123	1|1	AFR
HG03124	1|1	AFR
HG03126	1|1	AFR
HG03127	1|1	AFR
HG03129	1|1	AFR
HG03130	1|1	AFR
HG03132	1|1	AFR
HG03133	1|1	AFR
HG03135	1|1	AFR
HG03136	1|1	AFR
HG03139	1|1	AFR
HG03157	1|1	AFR
HG03159	1|1	AFR
HG03160	1|1	AFR
HG03162	1|1	AFR
HG03163	1|1	AFR
HG03166	1|1	AFR
HG03168	1|1	AFR
HG03169	1|1	AFR
HG03172	1|1	AFR
HG03175	1|1	AFR
HG03189	1|1	AFR
HG03190	1|1	AFR
HG03193	1|1	AFR
HG03195	1|1	AFR
HG03196	1|1	AFR
HG03198	1|1	AFR
HG03199	1|1	AFR
HG03202	1|1	AFR
HG03209	1|1	AFR
HG03212	1|1	AFR
HG03224	1|1	AFR
HG03225	1|1	AFR
HG03228	0|0	SAS
HG03229	0|0	SAS
HG03234	0|0	SAS
HG03235	0|0	SAS
HG03237	0|0	SAS
HG03238	0|0	SAS
HG03240	1|1	AFR
HG03241	1|1	AFR
HG03246	1|1	AFR
HG03247	1|1	AFR
HG03258	1|1	AFR
HG03259	1|1	AFR
HG03265	1|1	AFR
HG03267	1|1	AFR
HG03268	1|1	AFR
HG03270	1|1	AFR
HG03271	1|1	AFR
HG03279	1|1	AFR
HG03280	1|1	AFR
HG03291	1|1	AFR
HG03294	1|1	AFR
HG03295	1|1	AFR
HG03297	1|1	AFR
HG03298	1|1	AFR
HG03300	1|1	AFR
HG03301	1|1	AFR
HG03303	1|1	AFR
HG03304	1|1	AFR
HG03311	1|1	AFR
HG03313	1|1	AFR
HG03342	1|1	AFR
HG03343	1|1	AFR
HG03351	1|1	AFR
HG03352	1|1	AFR
HG03354	1|1	AFR
HG03363	1|1	AFR
HG03366	1|1	AFR
HG03367	1|1	AFR
HG03369	1|1	AFR
HG03370	1|1	AFR
HG03372	1|1	AFR
HG03376	1|1	AFR
HG03378	1|1	AFR
HG03380	1|1	AFR
HG03382	1|1	AFR
HG03385	1|1	AFR
HG03388	1|1	AFR
HG03391	1|1	AFR
HG03394	1|1	AFR
HG03397	1|1	AFR
HG03401	1|1	AFR
HG03410	1|1	AFR
HG03419	1|1	AFR
HG03428	1|1	AFR
HG03432	1|1	AFR
HG03433	1|1	AFR
HG03436	1|1	AFR
HG03437	1|1	AFR
HG03439	1|1	AFR
HG03442	1|1	AFR
HG03445	1|1	AFR
HG03446	1|1	AFR
HG03449	1|1	AFR
HG03451	1|1	AFR
HG03452	1|1	AFR
HG03455	1|1	AFR
HG03457	1|1	AFR
HG03458	1|1	AFR
HG03460	1|1	AFR
HG03461	1|1	AFR
HG03464	1|1	AFR
HG03469	1|1	AFR
HG03470	1|1	AFR
HG03472	1|1	AFR
HG03473	1|1	AFR
HG03476	1|1	AFR
HG03478	1|1	AFR
HG03479	1|1	AFR
HG03484	1|1	AFR
HG03485	1|1	AFR
HG03488	0|0	SAS
HG03490	0|0	SAS
HG03491	0|0	SAS
HG03499	1|1	AFR
HG03511	1|1	AFR
HG03514	1|1	AFR
HG03515	1|1	AFR
HG03517	1|1	AFR
HG03518	1|1	AFR
HG03520	1|1	AFR
HG03521	1|1	AFR
HG03538	1|1	AFR
HG03539	1|1	AFR
HG03547	1|1	AFR
HG03548	1|1	AFR
HG03556	1|1	AFR
HG03557	1|1	AFR
HG03558	1|1	AFR
HG03559	1|1	AFR
HG03563	1|1	AFR
HG03565	1|1	AFR
HG03567	1|1	AFR
HG03571	1|1	AFR
HG03572	1|1	AFR
HG03575	1|1	AFR
HG03577	1|1	AFR
HG03578	1|1	AFR
HG03583	1|1	AFR
HG03585	0|0	SAS
HG03589	0|0	SAS
HG03593	0|0	SAS
HG03594	0|0	SAS
HG03595	0|0	SAS
HG03598	0|0	SAS
HG03600	0|0	SAS
HG03603	0|0	SAS
HG03604	0|0	SAS
HG03607	0|0	SAS
HG03611	0|0	SAS
HG03615	0|0	SAS
HG03616	0|0	SAS
HG03619	0|0	SAS
HG03624	0|0	SAS
HG03625	0|0	SAS
HG03629	0|0	SAS
HG03631	0|0	SAS
HG03634	0|0	SAS
HG03636	0|0	SAS
HG03640	0|0	SAS
HG03642	0|0	SAS
HG03643	0|0	SAS
HG03644	0|0	SAS
HG03645	0|0	SAS
HG03646	0|0	SAS
HG03649	0|0	SAS
HG03652	0|0	SAS
HG03653	0|0	SAS
HG03660	0|0	SAS
HG03663	0|0	SAS
HG03667	0|0	SAS
HG03668	0|0	SAS
HG03672	0|0	SAS
HG03673	0|0	SAS
HG03679	0|0	SAS
HG03680	0|0	SAS
HG03681	0|0	SAS
HG03684	0|0	SAS
HG03685	0|0	SAS
HG03686	0|0	SAS
HG03687	0|0	SAS
HG03689	0|0	SAS
HG03690	0|0	SAS
HG03691	0|0	SAS
HG03692	0|0	SAS
HG03693	0|0	SAS
HG03694	0|0	SAS
HG03695	0|0	SAS
HG03696	0|0	SAS
HG03697	0|0	SAS
HG03698	0|0	SAS
HG03702	0|0	SAS
HG03703	0|0	SAS
HG03705	0|0	SAS
HG03706	0|0	SAS
HG03708	0|0	SAS
HG03709	0|0	SAS
HG03711	0|0	SAS
HG03713	0|0	SAS
HG03714	0|0	SAS
HG03716	0|0	SAS
HG03717	0|0	SAS
HG03718	0|0	SAS
HG03720	0|0	SAS
HG03722	0|0	SAS
HG03727	0|0	SAS
HG03729	0|0	SAS
HG03730	0|0	SAS
HG03731	0|0	SAS
HG03733	0|0	SAS
HG03736	0|0	SAS
HG03738	0|0	SAS
HG03740	0|0	SAS
HG03741	0|0	SAS
HG03742	0|0	SAS
HG03743	0|0	SAS
HG03744	0|0	SAS
HG03745	0|0	SAS
HG03746	0|0	SAS
HG03750	0|0	SAS
HG03752	0|0	SAS
HG03753	0|0	SAS
HG03754	0|0	SAS
HG03755	0|0	SAS
HG03756	0|0	SAS
HG03757	0|0	SAS
HG03760	0|0	SAS
HG03762	0|0	SAS
HG03765	0|0	SAS
HG03767	0|0	SAS
HG03770	0|0	SAS
HG03771	0|0	SAS
HG03772	0|0	SAS
HG03773	0|0	SAS
HG03774	0|0	SAS
HG03775	0|0	SAS
HG03777	0|0	SAS
HG03778	0|0	SAS
HG03779	0|0	SAS
HG03780	0|0	SAS
HG03781	0|0	SAS
HG03782	0|0	SAS
HG03784	0|0	SAS
HG03785	0|0	SAS
HG03786	0|0	SAS
HG03787	0|0	SAS
HG03788	0|0	SAS
HG03789	0|0	SAS
HG03790	0|0	SAS
HG03792	0|0	SAS
HG03793	0|0	SAS
HG03796	0|0	SAS
HG03800	0|0	SAS
HG03802	0|0	SAS
HG03803	0|0	SAS
HG03805	0|0	SAS
HG03808	0|0	SAS
HG03809	0|0	SAS
HG03812	0|0	SAS
HG03814	0|0	SAS
HG03815	0|0	SAS
HG03817	0|0	SAS
HG03821	0|0	SAS
HG03823	0|0	SAS
HG03824	0|0	SAS
HG03826	0|0	SAS
HG03829	0|0	SAS
HG03830	0|0	SAS
HG03832	0|0	SAS
HG03833	0|0	SAS
HG03836	0|0	SAS
HG03837	0|0	SAS
HG03838	0|0	SAS
HG03844	0|0	SAS
HG03846	0|0	SAS
HG03848	0|0	SAS
HG03849	0|0	SAS
HG03850	0|0	SAS
HG03851	0|0	SAS
HG03854	0|0	SAS
HG03856	0|0	SAS
HG03857	0|0	SAS
HG03858	0|0	SAS
HG03861	0|0	SAS
HG03862	0|0	SAS
HG03863	0|0	SAS
HG03864	0|0	SAS
HG03866	0|0	SAS
HG03867	0|0	SAS
HG03868	0|0	SAS
HG03869	0|0	SAS
HG03870	0|0	SAS
HG03871	0|0	SAS
HG03872	0|0	SAS
HG03873	0|0	SAS
HG03874	0|0	SAS
HG03875	0|0	SAS
HG03882	0|0	SAS
HG03884	0|0	SAS
HG03885	0|0	SAS
HG03886	0|0	SAS
HG03887	0|0	SAS
HG03888	0|0	SAS
HG03890	0|0	SAS
HG03894	0|0	SAS
HG03895	0|0	SAS
HG03896	0|0	SAS
HG03897	0|0	SAS
HG03898	0|0	SAS
HG03899	0|0	SAS
HG03900	0|0	SAS
HG03902	0|0	SAS
HG03905	0|0	SAS
HG03907	0|0	SAS
HG03908	0|0	SAS
HG03910	0|0	SAS
HG03911	0|0	SAS
HG03913	0|0	SAS
HG03914	0|0	SAS
HG03916	0|0	SAS
HG03917	0|0	SAS
HG03919	0|0	SAS
HG03920	0|0	SAS
HG03922	0|0	SAS
HG03925	0|0	SAS
HG03926	0|0	SAS
HG03928	0|0	SAS
HG03931	0|0	SAS
HG03934	0|0	SAS
HG03937	0|0	SAS
HG03940	0|0	SAS
HG03941	0|0	SAS
HG03943	0|0	SAS
HG03944	0|0	SAS
HG03945	0|0	SAS
HG03947	0|0	SAS
HG03949	0|0	SAS
HG03950	0|0	SAS
HG03951	0|0	SAS
HG03953	0|0	SAS
HG03955	0|0	SAS
HG03960	0|0	SAS
HG03963	0|0	SAS
HG03965	0|0	SAS
HG03967	0|0	SAS
HG03968	0|0	SAS
HG03969	0|0	SAS
HG03971	0|0	SAS
HG03973	0|0	SAS
HG03974	0|0	SAS
HG03976	0|0	SAS
HG03977	0|0	SAS
HG03978	0|0	SAS
HG03985	0|0	SAS
HG03986	0|0	SAS
HG03989	0|0	SAS
HG03990	0|0	SAS
HG03991	0|0	SAS
HG03995	0|0	SAS
HG03998	0|0	SAS
HG03999	0|0	SAS
HG04001	0|0	SAS
HG04002	0|0	SAS
HG04003	0|0	SAS
HG04006	0|0	SAS
HG04014	0|0	SAS
HG04015	0|0	SAS
HG04017	0|0	SAS
HG04018	0|0	SAS
HG04019	0|0	SAS
HG04020	0|0	SAS
HG04022	0|0	SAS
HG04023	0|0	SAS
HG04025	0|0	SAS
HG04026	0|0	SAS
HG04029	0|0	SAS
HG04033	0|0	SAS
HG04035	0|0	SAS
HG04038	0|0	SAS
HG04039	0|0	SAS
HG04042	0|0	SAS
HG04047	0|0	SAS
HG04054	0|0	SAS
HG04056	0|0	SAS
HG04059	0|0	SAS
HG04060	0|0	SAS
HG04061	0|0	SAS
HG04062	0|0	SAS
HG04063	0|0	SAS
HG04070	0|0	SAS
HG04075	0|0	SAS
HG04076	0|0	SAS
HG04080	0|0	SAS
HG04090	0|0	SAS
HG04093	0|0	SAS
HG04094	0|0	SAS
HG04096	0|0	SAS
HG04098	0|0	SAS
HG04099	0|0	SAS
HG04100	0|0	SAS
HG04106	0|0	SAS
HG04107	0|0	SAS
HG04118	0|0	SAS
HG04131	0|0	SAS
HG04134	0|0	SAS
HG04140	0|0	SAS
HG04141	0|0	SAS
HG04144	0|0	SAS
HG04146	0|0	SAS
HG04152	0|0	SAS
HG04153	0|0	SAS
HG04155	0|0	SAS
HG04156	0|0	SAS
HG04158	0|0	SAS
HG04159	0|0	SAS
HG04161	0|0	SAS
HG04162	0|0	SAS
HG04164	0|0	SAS
HG04171	0|0	SAS
HG04173	0|0	SAS
HG04176	0|0	SAS
HG04177	0|0	SAS
HG04180	0|0	SAS
HG04182	0|0	SAS
HG04183	0|0	SAS
HG04185	0|0	SAS
HG04186	0|0	SAS
HG04188	0|0	SAS
HG04189	0|0	SAS
HG04194	0|0	SAS
HG04195	0|0	SAS
HG04198	0|0	SAS
HG04200	0|0	SAS
HG04202	0|0	SAS
HG04206	0|0	SAS
HG04209	0|0	SAS
HG04210	0|0	SAS
HG04211	0|0	SAS
HG04212	0|0	SAS
HG04214	0|0	SAS
HG04216	0|0	SAS
HG04219	0|0	SAS
HG04222	0|0	SAS
HG04225	0|0	SAS
HG04227	0|0	SAS
HG04229	0|0	SAS
HG04235	0|0	SAS
HG04238	0|0	SAS
HG04239	0|0	SAS
NA06984	0|0	EUR
NA06985	0|0	EUR
NA06986	0|0	EUR
NA06989	0|0	EUR
NA06994	0|0	EUR
NA07000	0|0	EUR
NA07037	0|0	EUR
NA07048	0|0	EUR
NA07051	0|0	EUR
NA07056	0|0	EUR
NA07347	0|0	EUR
NA07357	0|0	EUR
NA10847	0|0	EUR
NA10851	0|0	EUR
NA11829	0|0	EUR
NA11830	0|0	EUR
NA11831	0|0	EUR
NA11832	0|0	EUR
NA11840	0|0	EUR
NA11843	0|0	EUR
NA11881	0|0	EUR
NA11892	0|0	EUR
NA11893	0|0	EUR
NA11894	0|0	EUR
NA11918	0|0	EUR
NA11919	0|0	EUR
NA11920	0|0	EUR
NA11930	0|0	EUR
NA11931	0|0	EUR
NA11932	0|0	EUR
NA11933	0|0	EUR
NA11992	0|0	EUR
NA11994	0|0	EUR
NA11995	0|0	EUR
NA12003	0|0	EUR
NA12004	0|0	EUR
NA12005	0|0	EUR
NA12006	0|0	EUR
NA12043	0|0	EUR
NA12044	0|0	EUR
NA12045	0|0	EUR
NA12046	0|0	EUR
NA12058	0|0	EUR
NA12144	0|0	EUR
NA12154	0|0	EUR
NA12155	0|0	EUR
NA12156	0|0	EUR
NA12234	0|0	EUR
NA12249	0|0	EUR
NA12272	0|0	EUR
NA12273	0|0	EUR
NA12275	0|0	EUR
NA12282	0|0	EUR
NA12283	0|0	EUR
NA12286	0|0	EUR
NA12287	0|0	EUR
NA12340	0|0	EUR
NA12341	0|0	EUR
NA12342	0|0	EUR
NA12347	0|0	EUR
NA12348	0|0	EUR
NA12383	0|0	EUR
NA12399	0|0	EUR
NA12400	0|0	EUR
NA12413	0|0	EUR
NA12414	0|0	EUR
NA12489	0|0	EUR
NA12546	0|0	EUR
NA12716	0|0	EUR
NA12717	0|0	EUR
NA12718	0|0	EUR
NA12748	0|0	EUR
NA12749	0|0	EUR
NA12750	0|0	EUR
NA12751	0|0	EUR
NA12760	0|0	EUR
NA12761	0|0	EUR
NA12762	0|0	EUR
NA12763	0|0	EUR
NA12775	0|0	EUR
NA12776	0|0	EUR
NA12777	0|0	EUR
NA12778	0|0	EUR
NA12812	0|0	EUR
NA12813	0|0	EUR
NA12814	0|0	EUR
NA12815	0|0	EUR
NA12827	0|0	EUR
NA12828	0|0	EUR
NA12829	0|0	EUR
NA12830	0|0	EUR
NA12842	0|0	EUR
NA12843	0|0	EUR
NA12872	0|0	EUR
NA12873	0|0	EUR
NA12874	0|0	EUR
NA12878	0|0	EUR
NA12889	0|0	EUR
NA12890	0|0	EUR
NA18486	1|1	AFR
NA18488	1|1	AFR
NA18489	1|1	AFR
NA18498	1|1	AFR
NA18499	1|1	AFR
NA18501	1|1	AFR
NA18502	1|1	AFR
NA18504	1|1	AFR
NA18505	1|1	AFR
NA18507	1|1	AFR
NA18508	1|1	AFR
NA18510	1|1	AFR
NA18511	1|1	AFR
NA18516	1|1	AFR
NA18517	1|1	AFR
NA18519	1|1	AFR
NA18520	1|1	AFR
NA18522	1|1	AFR
NA18523	1|1	AFR
NA18525	0|0	EAS
NA18526	0|0	EAS
NA18528	0|0	EAS
NA18530	0|0	EAS
NA18531	0|0	EAS
NA18532	0|0	EAS
NA18533	0|0	EAS
NA18534	0|0	EAS
NA18535	0|0	EAS
NA18536	0|0	EAS
NA18537	0|0	EAS
NA18538	0|0	EAS
NA18539	0|0	EAS
NA18541	0|0	EAS
NA18542	0|0	EAS
NA18543	0|0	EAS
NA18544	0|0	EAS
NA18545	0|0	EAS
NA18546	0|0	EAS
NA18547	0|0	EAS
NA18548	0|0	EAS
NA18549	0|0	EAS
NA18550	0|0	EAS
NA18552	0|0	EAS
NA18553	0|0	EAS
NA18555	0|0	EAS
NA18557	0|0	EAS
NA18558	0|0	EAS
NA18559	0|0	EAS
NA18560	0|0	EAS
NA18561	0|0	EAS
NA18562	0|0	EAS
NA18563	0|0	EAS
NA18564	0|0	EAS
NA18565	0|0	EAS
NA18566	0|0	EAS
NA18567	0|0	EAS
NA18570	0|0	EAS
NA18571	0|0	EAS
NA18572	0|0	EAS
NA18573	0|0	EAS
NA18574	0|0	EAS
NA18577	0|0	EAS
NA18579	0|0	EAS
NA18582	0|0	EAS
NA18591	0|0	EAS
NA18592	0|0	EAS
NA18593	0|0	EAS
NA18595	0|0	EAS
NA18596	0|0	EAS
NA18597	0|0	EAS
NA18599	0|0	EAS
NA18602	0|0	EAS
NA18603	0|0	EAS
NA18605	0|0	EAS
NA18606	0|0	EAS
NA18608	0|0	EAS
NA18609	0|0	EAS
NA18610	0|0	EAS
NA18611	0|0	EAS
NA18612	0|0	EAS
NA18613	0|0	EAS
NA18614	0|0	EAS
NA18615	0|0	EAS
NA18616	0|0	EAS
NA18617	0|0	EAS
NA18618	0|0	EAS
NA18619	0|0	EAS
NA18620	0|0	EAS
NA18621	0|0	EAS
NA18622	0|0	EAS
NA18623	0|0	EAS
NA18624	0|0	EAS
NA18625	0|0	EAS
NA18626	0|0	EAS
NA18627	0|0	EAS
NA18628	0|0	EAS
NA18629	0|0	EAS
NA18630	0|0	EAS
NA18631	0|0	EAS
NA18632	0|0	EAS
NA18633	0|0	EAS
NA18634	0|0	EAS
NA18635	0|0	EAS
NA18636	0|0	EAS
NA18637	0|0	EAS
NA18638	0|0	EAS
NA18639	0|0	EAS
NA18640	0|0	EAS
NA18641	0|0	EAS
NA18642	0|0	EAS
NA18643	0|0	EAS
NA18644	0|0	EAS
NA18645	0|0	EAS
NA18646	0|0	EAS
NA18647	0|0	EAS
NA18648	0|0	EAS
NA18740	0|0	EAS
NA18745	0|0	EAS
NA18747	0|0	EAS
NA18748	0|0	EAS
NA18749	0|0	EAS
NA18757	0|0	EAS
NA18853	1|1	AFR
NA18856	1|1	AFR
NA18858	1|1	AFR
NA18861	1|1	AFR
NA18864	1|1	AFR
NA18865	1|0	AFR
NA18867	1|1	AFR
NA18868	1|1	AFR
NA18870	1|1	AFR
NA18871	1|1	AFR
NA18873	1|1	AFR
NA18874	1|1	AFR
NA18876	1|1	AFR
NA18877	1|1	AFR
NA18878	1|1	AFR
NA18879	1|1	AFR
NA18881	1|1	AFR
NA18907	1|1	AFR
NA18908	1|1	AFR
NA18909	1|1	AFR
NA18910	1|1	AFR
NA18912	1|1	AFR
NA18915	1|1	AFR
NA18916	1|1	AFR
NA18917	1|1	AFR
NA18923	1|1	AFR
NA18924	1|1	AFR
NA18933	1|1	AFR
NA18934	1|1	AFR
NA18939	0|0	EAS
NA18940	0|0	EAS
NA18941	0|0	EAS
NA18942	0|0	EAS
NA18943	0|0	EAS
NA18944	0|0	EAS
NA18945	0|0	EAS
NA18946	0|0	EAS
NA18947	0|0	EAS
NA18948	0|0	EAS
NA18949	0|0	EAS
NA18950	0|0	EAS
NA18951	0|0	EAS
NA18952	0|0	EAS
NA18953	0|0	EAS
NA18954	0|0	EAS
NA18956	0|0	EAS
NA18957	0|0	EAS
NA18959	0|0	EAS
NA18960	0|0	EAS
NA18961	0|0	EAS
NA18962	0|0	EAS
NA18963	0|0	EAS
NA18964	0|0	EAS
NA18965	0|0	EAS
NA18966	0|0	EAS
NA18967	0|0	EAS
NA18968	0|0	EAS
NA18969	0|0	EAS
NA18970	0|0	EAS
NA18971	0|0	EAS
NA18972	0|0	EAS
NA18973	0|0	EAS
NA18974	0|0	EAS
NA18975	0|0	EAS
NA18976	0|0	EAS
NA18977	0|0	EAS
NA18978	0|0	EAS
NA18979	0|0	EAS
NA18980	0|0	EAS
NA18981	0|0	EAS
NA18982	0|0	EAS
NA18983	0|0	EAS
NA18984	0|0	EAS
NA18985	0|0	EAS
NA18986	0|0	EAS
NA18987	0|0	EAS
NA18988	0|0	EAS
NA18989	0|0	EAS
NA18990	0|0	EAS
NA18991	0|0	EAS
NA18992	0|0	EAS
NA18993	0|0	EAS
NA18994	0|0	EAS
NA18995	0|0	EAS
NA18997	0|0	EAS
NA18998	0|0	EAS
NA18999	0|0	EAS
NA19000	0|0	EAS
NA19001	0|0	EAS
NA19002	0|0	EAS
NA19003	0|0	EAS
NA19004	0|0	EAS
NA19005	0|0	EAS
NA19006	0|0	EAS
NA19007	0|0	EAS
NA19009	0|0	EAS
NA19010	0|0	EAS
NA19011	0|0	EAS
NA19012	0|0	EAS
NA19017	1|1	AFR
NA19019	1|1	AFR
NA19020	1|1	AFR
NA19023	1|1	AFR
NA19024	1|1	AFR
NA19025	1|1	AFR
NA19026	1|1	AFR
NA19027	1|1	AFR
NA19028	1|1	AFR
NA19030	1|1	AFR
NA19031	1|1	AFR
NA19035	1|1	AFR
NA19036	1|1	AFR
NA19037	1|1	AFR
NA19038	1|1	AFR
NA19041	1|1	AFR
NA19042	1|1	AFR
NA19043	1|1	AFR
NA19054	0|0	EAS
NA19055	0|0	EAS
NA19056	0|0	EAS
NA19057	0|0	EAS
NA19058	0|0	EAS
NA19059	0|0	EAS
NA19060	0|0	EAS
NA19062	0|0	EAS
NA19063	0|0	EAS
NA19064	0|0	EAS
NA19065	0|0	EAS
NA19066	0|0	EAS
NA19067	0|0	EAS
NA19068	0|0	EAS
NA19070	0|0	EAS
NA19072	0|0	EAS
NA19074	0|0	EAS
NA19075	0|0	EAS
NA19076	0|0	EAS
NA19077	0|0	EAS
NA19078	0|0	EAS
NA19079	0|0	EAS
NA19080	0|0	EAS
NA19081	0|0	EAS
NA19082	0|0	EAS
NA19083	0|0	EAS
NA19084	0|0	EAS
NA19085	0|0	EAS
NA19086	0|0	EAS
NA19087	0|0	EAS
NA19088	0|0	EAS
NA19089	0|0	EAS
NA19090	0|0	EAS
NA19091	0|0	EAS
NA19092	1|1	AFR
NA19093	1|1	AFR
NA19095	1|1	AFR
NA19096	1|1	AFR
NA19098	1|1	AFR
NA19099	1|1	AFR
NA19102	1|1	AFR
NA19107	1|1	AFR
NA19108	1|1	AFR
NA19113	1|1	AFR
NA19114	1|1	AFR
NA19116	1|1	AFR
NA19117	1|1	AFR
NA19118	1|1	AFR
NA19119	1|1	AFR
NA19121	1|1	AFR
NA19129	1|1	AFR
NA19130	1|1	AFR
NA19131	1|1	AFR
NA19137	1|1	AFR
NA19138	1|1	AFR
NA19141	1|1	AFR
NA19143	1|1	AFR
NA19144	1|1	AFR
NA19146	1|1	AFR
NA19147	1|1	AFR
NA19149	1|1	AFR
NA19152	1|1	AFR
NA19153	1|1	AFR
NA19159	1|1	AFR
NA19160	1|1	AFR
NA19171	1|1	AFR
NA19172	1|1	AFR
NA19175	1|1	AFR
NA19184	1|1	AFR
NA19185	1|1	AFR
NA19189	1|1	AFR
NA19190	1|1	AFR
NA19197	1|1	AFR
NA19198	1|1	AFR
NA19200	1|1	AFR
NA19201	1|1	AFR
NA19204	1|1	AFR
NA19206	1|1	AFR
NA19207	1|1	AFR
NA19209	1|1	AFR
NA19210	1|1	AFR
NA19213	1|1	AFR
NA19214	1|1	AFR
NA19222	1|1	AFR
NA19223	1|1	AFR
NA19225	1|1	AFR
NA19235	1|1	AFR
NA19236	1|1	AFR
NA19238	1|1	AFR
NA19239	1|1	AFR
NA19247	1|1	AFR
NA19248	1|1	AFR
NA19256	1|1	AFR
NA19257	1|1	AFR
NA19307	1|1	AFR
NA19308	1|1	AFR
NA19309	1|1	AFR
NA19310	1|1	AFR
NA19312	1|1	AFR
NA19314	1|1	AFR
NA19315	1|1	AFR
NA19316	1|1	AFR
NA19317	1|1	AFR
NA19318	1|1	AFR
NA19319	1|1	AFR
NA19320	1|1	AFR
NA19321	1|1	AFR
NA19323	1|1	AFR
NA19324	1|1	AFR
NA19327	1|1	AFR
NA19328	1|1	AFR
NA19331	1|1	AFR
NA19332	1|1	AFR
NA19334	1|1	AFR
NA19338	1|1	AFR
NA19346	1|1	AFR
NA19347	1|1	AFR
NA19350	1|1	AFR
NA19351	1|1	AFR
NA19355	1|1	AFR
NA19360	1|1	AFR
NA19372	1|1	AFR
NA19374	1|1	AFR
NA19375	1|1	AFR
NA19376	1|1	AFR
NA19377	1|1	AFR
NA19378	1|1	AFR
NA19379	1|1	AFR
NA19380	1|1	AFR
NA19383	1|1	AFR
NA19384	1|1	AFR
NA19385	1|1	AFR
NA19390	1|1	AFR
NA19391	1|1	AFR
NA19393	1|1	AFR
NA19394	1|1	AFR
NA19395	1|1	AFR
NA19397	1|1	AFR
NA19399	1|1	AFR
NA19401	1|1	AFR
NA19403	1|1	AFR
NA19404	1|1	AFR
NA19428	1|1	AFR
NA19429	1|1	AFR
NA19430	1|1	AFR
NA19431	1|1	AFR
NA19434	1|1	AFR
NA19435	1|1	AFR
NA19436	1|1	AFR
NA19437	1|1	AFR
NA19438	1|1	AFR
NA19439	1|1	AFR
NA19440	1|1	AFR
NA19443	1|1	AFR
NA19445	1|1	AFR
NA19446	1|1	AFR
NA19448	1|1	AFR
NA19449	1|1	AFR
NA19451	1|1	AFR
NA19452	1|1	AFR
NA19454	1|1	AFR
NA19455	1|1	AFR
NA19456	1|1	AFR
NA19457	1|1	AFR
NA19461	1|1	AFR
NA19462	1|1	AFR
NA19463	1|1	AFR
NA19466	1|1	AFR
NA19467	1|1	AFR
NA19468	1|1	AFR
NA19471	1|1	AFR
NA19472	1|1	AFR
NA19473	1|1	AFR
NA19474	1|1	AFR
NA19475	1|1	AFR
NA19625	1|1	AFR
NA19648	0|0	AMR
NA19649	1|0	AMR
NA19651	0|0	AMR
NA19652	0|0	AMR
NA19654	0|0	AMR
NA19655	0|0	AMR
NA19657	0|0	AMR
NA19658	0|0	AMR
NA19661	0|0	AMR
NA19663	0|0	AMR
NA19664	0|0	AMR
NA19669	0|0	AMR
NA19670	0|0	AMR
NA19676	0|0	AMR
NA19678	0|0	AMR
NA19679	0|0	AMR
NA19681	0|0	AMR
NA19682	0|0	AMR
NA19684	0|0	AMR
NA19700	1|0	AFR
NA19701	0|0	AFR
NA19703	0|1	AFR
NA19704	1|1	AFR
NA19707	0|1	AFR
NA19711	1|1	AFR
NA19712	1|1	AFR
NA19713	0|0	AFR
NA19716	0|0	AMR
NA19717	0|0	AMR
NA19719	0|0	AMR
NA19720	0|0	AMR
NA19722	0|0	AMR
NA19723	0|0	AMR
NA19725	0|0	AMR
NA19726	0|0	AMR
NA19728	0|0	AMR
NA19729	0|0	AMR
NA19731	0|0	AMR
NA19732	0|0	AMR
NA19734	0|0	AMR
NA19735	0|0	AMR
NA19740	0|0	AMR
NA19741	0|0	AMR
NA19746	0|0	AMR
NA19747	0|0	AMR
NA19749	0|0	AMR
NA19750	0|0	AMR
NA19752	0|0	AMR
NA19755	0|0	AMR
NA19756	0|1	AMR
NA19758	0|0	AMR
NA19759	1|0	AMR
NA19761	0|0	AMR
NA19762	0|0	AMR
NA19764	0|0	AMR
NA19770	0|1	AMR
NA19771	0|0	AMR
NA19773	0|0	AMR
NA19774	0|0	AMR
NA19776	0|0	AMR
NA19777	0|0	AMR
NA19779	0|0	AMR
NA19780	0|0	AMR
NA19782	0|0	AMR
NA19783	0|0	AMR
NA19785	0|0	AMR
NA19786	0|0	AMR
NA19788	0|0	AMR
NA19789	0|0	AMR
NA19792	0|0	AMR
NA19794	0|0	AMR
NA19795	0|0	AMR
NA19818	0|1	AFR
NA19819	1|1	AFR
NA19834	1|0	AFR
NA19835	1|1	AFR
NA19900	1|1	AFR
NA19901	1|1	AFR
NA19904	1|1	AFR
NA19908	1|1	AFR
NA19909	1|1	AFR
NA19913	1|1	AFR
NA19914	1|0	AFR
NA19916	1|1	AFR
NA19917	1|1	AFR
NA19920	0|1	AFR
NA19921	0|1	AFR
NA19922	1|1	AFR
NA19923	1|0	AFR
NA19982	1|1	AFR
NA19984	1|1	AFR
NA20126	0|1	AFR
NA20127	1|1	AFR
NA20274	1|0	AFR
NA20276	1|1	AFR
NA20278	1|0	AFR
NA20281	1|1	AFR
NA20282	0|1	AFR
NA20287	1|1	AFR
NA20289	1|1	AFR
NA20291	1|1	AFR
NA20294	1|1	AFR
NA20296	1|1	AFR
NA20298	1|1	AFR
NA20299	0|1	AFR
NA20314	0|0	AFR
NA20317	0|1	AFR
NA20318	1|1	AFR
NA20320	1|1	AFR
NA20321	1|1	AFR
NA20332	1|1	AFR
NA20334	1|0	AFR
NA20339	1|1	AFR
NA20340	1|1	AFR
NA20342	1|0	AFR
NA20346	1|0	AFR
NA20348	1|1	AFR
NA20351	1|1	AFR
NA20355	0|1	AFR
NA20356	1|1	AFR
NA20357	1|1	AFR
NA20359	1|1	AFR
NA20362	1|1	AFR
NA20412	1|1	AFR
NA20502	0|0	EUR
NA20503	0|0	EUR
NA20504	0|0	EUR
NA20505	0|0	EUR
NA20506	0|0	EUR
NA20507	0|0	EUR
NA20508	0|0	EUR
NA20509	0|0	EUR
NA20510	0|0	EUR
NA20511	0|0	EUR
NA20512	0|0	EUR
NA20513	0|0	EUR
NA20514	0|0	EUR
NA20515	0|0	EUR
NA20516	0|0	EUR
NA20517	0|0	EUR
NA20518	0|0	EUR
NA20519	0|0	EUR
NA20520	0|0	EUR
NA20521	0|0	EUR
NA20522	0|0	EUR
NA20524	0|0	EUR
NA20525	0|0	EUR
NA20527	0|0	EUR
NA20528	0|0	EUR
NA20529	0|0	EUR
NA20530	0|0	EUR
NA20531	0|0	EUR
NA20532	0|0	EUR
NA20533	0|0	EUR
NA20534	0|0	EUR
NA20535	0|0	EUR
NA20536	0|0	EUR
NA20538	0|0	EUR
NA20539	0|0	EUR
NA20540	0|0	EUR
NA20541	0|0	EUR
NA20542	0|0	EUR
NA20543	0|0	EUR
NA20544	0|0	EUR
NA20581	0|0	EUR
NA20582	0|0	EUR
NA20585	0|0	EUR
NA20586	0|0	EUR
NA20587	0|0	EUR
NA20588	0|0	EUR
NA20589	0|0	EUR
NA20752	0|0	EUR
NA20753	0|0	EUR
NA20754	0|0	EUR
NA20755	0|0	EUR
NA20756	0|0	EUR
NA20757	0|0	EUR
NA20758	0|0	EUR
NA20759	0|0	EUR
NA20760	0|0	EUR
NA20761	0|0	EUR
NA20762	0|0	EUR
NA20763	0|0	EUR
NA20764	0|0	EUR
NA20765	0|0	EUR
NA20766	1|0	EUR
NA20767	0|0	EUR
NA20768	0|0	EUR
NA20769	0|0	EUR
NA20770	0|0	EUR
NA20771	0|0	EUR
NA20772	0|0	EUR
NA20773	0|0	EUR
NA20774	0|0	EUR
NA20775	0|0	EUR
NA20778	0|0	EUR
NA20783	0|0	EUR
NA20785	0|0	EUR
NA20786	0|0	EUR
NA20787	0|0	EUR
NA20790	0|0	EUR
NA20792	0|0	EUR
NA20795	0|0	EUR
NA20796	0|0	EUR
NA20797	0|0	EUR
NA20798	0|0	EUR
NA20799	0|0	EUR
NA20800	0|0	EUR
NA20801	0|0	EUR
NA20802	0|0	EUR
NA20803	1|0	EUR
NA20804	0|0	EUR
NA20805	0|0	EUR
NA20806	0|0	EUR
NA20807	0|0	EUR
NA20808	0|0	EUR
NA20809	0|0	EUR
NA20810	0|0	EUR
NA20811	0|0	EUR
NA20812	0|0	EUR
NA20813	0|0	EUR
NA20814	0|0	EUR
NA20815	0|0	EUR
NA20818	0|0	EUR
NA20819	0|0	EUR
NA20821	0|0	EUR
NA20822	0|0	EUR
NA20826	0|0	EUR
NA20827	0|0	EUR
NA20828	0|0	EUR
NA20832	0|0	EUR
NA20845	0|0	SAS
NA20846	0|0	SAS
NA20847	0|0	SAS
NA20849	0|0	SAS
NA20850	0|0	SAS
NA20851	0|0	SAS
NA20852	0|0	SAS
NA20853	0|0	SAS
NA20854	0|0	SAS
NA20856	0|0	SAS
NA20858	0|0	SAS
NA20859	0|0	SAS
NA20861	0|0	SAS
NA20862	0|0	SAS
NA20863	0|0	SAS
NA20864	0|0	SAS
NA20866	0|0	SAS
NA20867	0|0	SAS
NA20868	0|0	SAS
NA20869	0|0	SAS
NA20870	0|0	SAS
NA20872	0|0	SAS
NA20874	0|0	SAS
NA20875	0|0	SAS
NA20876	0|0	SAS
NA20877	0|0	SAS
NA20878	0|0	SAS
NA20881	0|0	SAS
NA20882	0|0	SAS
NA20884	0|0	SAS
NA20885	0|0	SAS
NA20886	0|0	SAS
NA20887	0|0	SAS
NA20888	0|0	SAS
NA20889	0|0	SAS
NA20890	0|0	SAS
NA20891	0|0	SAS
NA20892	0|0	SAS
NA20894	0|0	SAS
NA20895	0|0	SAS
NA20896	0|0	SAS
NA20897	0|0	SAS
NA20899	0|0	SAS
NA20900	0|0	SAS
NA20901	0|0	SAS
NA20902	0|0	SAS
NA20903	0|0	SAS
NA20904	0|0	SAS
NA20905	0|0	SAS
NA20906	0|0	SAS
NA20908	0|0	SAS
NA20910	0|0	SAS
NA20911	0|0	SAS
NA21086	0|0	SAS
NA21087	0|0	SAS
NA21088	0|0	SAS
NA21089	0|0	SAS
NA21090	0|0	SAS
NA21091	0|0	SAS
NA21092	0|0	SAS
NA21093	0|0	SAS
NA21094	0|0	SAS
NA21095	0|0	SAS
NA21097	0|0	SAS
NA21098	0|0	SAS
NA21099	0|0	SAS
NA21100	0|0	SAS
NA21101	0|0	SAS
NA21102	0|0	SAS
NA21103	0|0	SAS
NA21104	0|0	SAS
NA21105	0|0	SAS
NA21106	0|0	SAS
NA21107	0|0	SAS
NA21108	0|0	SAS
NA21109	0|0	SAS
NA21110	0|0	SAS
NA21111	0|0	SAS
NA21112	0|0	SAS
NA21113	0|0	SAS
NA21114	0|0	SAS
NA21115	0|0	SAS
NA21116	0|0	SAS
NA21117	0|0	SAS
NA21118	0|0	SAS
NA21119	0|0	SAS
NA21120	0|0	SAS
NA21122	0|0	SAS
NA21123	0|0	SAS
NA21124	0|0	SAS
NA21125	0|0	SAS
NA21126	0|0	SAS
NA21127	0|0	SAS
NA21128	0|0	SAS
NA21129	0|0	SAS
NA21130	0|0	SAS
NA21133	0|0	SAS
NA21135	0|0	SAS
NA21137	0|0	SAS
NA21141	0|0	SAS
NA21142	0|0	SAS
NA21143	0|0	SAS
NA21144	0|0	SAS
